INDEX,Intercept,OAU2,OAU3,MTY2,EIN1,EIN3,SIN2,SIN3,EFI1,EFI3,AFI1,AFI3,PRICE
1,7.055555555555557,-0.49999999999999933,0.16666666666666807,-0.3333333333333335,1.1657341758564144e-15,-0.3333333333333328,-1.5000000000000009,-1.3333333333333337,0.1666666666666664,8.881784197001252e-16,0.8333333333333324,1.3333333333333321,-0.33333333333333476
2,13.361111111111116,-0.6666666666666671,-2.4999999999999956,-1.416666666666662,-2.166666666666671,-1.7763568394002505e-15,-1.6666666666666612,2.6645352591003757e-15,1.9999999999999942,1.3333333333333288,0.6666666666666683,-1.3333333333333302,-4.083333333333334
3,1.7222222222222188,2.833333333333334,2.3333333333333344,1.166666666666671,-0.33333333333333504,0.9999999999999993,1.666666666666671,3.0000000000000044,-0.16666666666667118,0.8333333333333298,0.5000000000000018,0.6666666666666695,-0.9166666666666681
5,12.111111111111118,0.8333333333333373,-1.999999999999992,-0.16666666666665986,0.6666666666666635,0.16666666666666452,-3.16666666666667,-1.0000000000000064,0.5000000000000008,-2.1666666666666665,-1.166666666666672,-1.5000000000000024,-3.1666666666666674
7,4.027777777777779,1.3333333333333337,1.0000000000000013,1.0833333333333357,-1.1666666666666692,-0.5000000000000024,0.666666666666668,1.6666666666666672,0.6666666666666649,1.1666666666666654,0.5000000000000027,-0.6666666666666636,-1.9166666666666674
8,1.6666666666666672,1.6666666666666647,0.833333333333333,5.0000000000000036,0.833333333333335,1.666666666666668,1.6666666666666679,0.8333333333333349,-0.8333333333333337,-1.666666666666669,-1.6653345369377348e-15,-2.220446049250313e-15,-1.6666666666666679
10,5.6388888888888875,1.1666666666666643,1.4999999999999993,1.9166666666666683,-1.499999999999998,-0.8333333333333319,3.1666666666666687,2.0000000000000044,-0.8333333333333353,0.4999999999999998,1.3333333333333368,1.333333333333335,-2.750000000000001
12,0.47222222222222127,2.666666666666665,1.9999999999999991,1.9166666666666698,-0.8333333333333324,-0.5000000000000002,0.5000000000000002,0.1666666666666673,0.3333333333333328,0.3333333333333326,1.0000000000000002,0.6666666666666665,-0.6666666666666675
13,5.638888888888891,0.4999999999999994,0.6666666666666673,1.416666666666669,0.3333333333333347,0.33333333333333437,1.333333333333333,0.8333333333333347,-1.333333333333334,-1.5000000000000009,-1.5000000000000018,-0.3333333333333354,-1.1666666666666679
14,0.6666666666666634,4.166666666666665,4.333333333333332,2.000000000000004,0.5000000000000018,0.5000000000000002,0.16666666666666818,0.33333333333333526,-2.220446049250313e-15,1.4999999999999984,-0.49999999999999956,0.5000000000000006,-1.9984014443252818e-15
16,9.11111111111111,1.8333333333333348,4.0000000000000036,0.3333333333333345,0.5000000000000018,-0.6666666666666667,-1.3333333333333377,-1.3333333333333381,-0.33333333333333076,-0.833333333333329,-0.1666666666666663,-0.49999999999999906,-2.7500000000000013
19,7.666666666666666,0.6666666666666641,1.333333333333333,1.5000000000000013,-0.9999999999999976,0.5000000000000024,2.6666666666666727,1.8333333333333413,-1.0000000000000053,0.499999999999996,-0.49999999999999756,1.0000000000000013,-3.3333333333333344
22,8.388888888888891,1.8333333333333344,-0.16666666666666297,0.6666666666666725,0.8333333333333343,-0.16666666666666585,0.9999999999999949,0.6666666666666622,0.33333333333333703,-1.6666666666666639,-0.6666666666666714,-0.6666666666666704,-2.916666666666668
23,3.666666666666665,1.4999999999999962,1.4999999999999982,1.0000000000000024,-1.3333333333333308,0.3333333333333355,2.6666666666666714,0.8333333333333396,0.16666666666666224,0.8333333333333299,-0.8333333333333314,-0.666666666666666,-1.9166666666666672
28,11.333333333333336,-0.16666666666666607,-0.833333333333329,3.552713678800501e-15,-2.4424906541753444e-15,0.9999999999999989,-1.4999999999999964,8.881784197001252e-16,0.8333333333333298,0.6666666666666645,1.1666666666666672,0.3333333333333352,-2.6666666666666683
31,-0.2500000000000028,2.166666666666664,3.8333333333333304,3.7500000000000004,-2.166666666666666,1.166666666666666,2.500000000000009,2.000000000000009,0.4999999999999926,0.4999999999999927,0.6666666666666702,-0.16666666666666302,-0.08333333333333509
32,3.25,-1.0615059411812053e-15,0.999999999999999,-0.25000000000000094,-0.6666666666666656,-0.8333333333333333,0.6666666666666669,0.333333333333335,-1.1666666666666672,0.16666666666666763,0.33333333333333526,0.6666666666666682,-1.25
34,4.388888888888888,2.3333333333333326,2.833333333333334,3.1666666666666687,-1.1666666666666652,-0.6666666666666661,1.1666666666666674,1.0000000000000016,0.49999999999999856,0.1666666666666652,-0.833333333333333,-4.82070244254128e-16,-1.9166666666666683
40,10.138888888888893,-1.6666666666666656,-1.166666666666664,-0.0833333333333317,-0.3333333333333355,-1.9984014443252818e-15,-0.16666666666666596,0.8333333333333338,-0.5000000000000018,0.16666666666666563,0.33333333333333526,-0.16666666666666566,-1.0000000000000018
41,0.9722222222222217,3.166666666666665,1.0000000000000002,2.9166666666666727,-0.8333333333333341,0.4999999999999996,1.333333333333336,1.3333333333333353,1.1666666666666636,0.9999999999999953,-0.8333333333333338,-1.4999999999999998,-1.000000000000001
43,2.3055555555555554,1.1666666666666639,1.4999999999999976,4.916666666666667,-2.1666666666666616,-0.6666666666666634,0.33333333333333653,-1.666666666666662,-0.16666666666666968,-1.16666666666667,0.33333333333333237,1.8333333333333315,-0.3333333333333346
44,14.611111111111114,0.666666666666668,0.16666666666667163,0.3333333333333375,-0.16666666666666652,-8.881784197001252e-16,-0.8333333333333327,-0.3333333333333339,0.1666666666666646,0.1666666666666663,1.3322676295501878e-15,-0.16666666666666619,-4.250000000000002
46,6.138888888888891,-0.4999999999999972,0.6666666666666693,0.4166666666666663,-1.1666666666666676,-2.166666666666669,0.16666666666666302,1.4999999999999973,0.16666666666666857,0.5000000000000029,8.881784197001252e-16,0.16666666666666796,-0.5833333333333346
48,1.2222222222222228,0.16666666666666485,-6.661338147750939e-16,7.66666666666667,0.3333333333333354,0.8333333333333348,0.5,-0.3333333333333335,-1.166666666666666,-1.1666666666666674,0.8333333333333346,0.3333333333333328,-0.666666666666668
52,8.305555555555557,-1.0000000000000013,-1.833333333333332,1.4166666666666692,-1.1666666666666687,0.8333333333333326,0.5000000000000066,1.6666666666666727,0.333333333333327,1.3333333333333282,-0.6666666666666647,-0.6666666666666636,-2.833333333333334
57,-0.6666666666666683,2.4999999999999987,2.499999999999999,5.000000000000002,-0.8333333333333285,-1.1666666666666639,1.8333333333333315,0.16666666666666674,0.666666666666669,-0.16666666666666546,0.16666666666666496,1.3333333333333306,-0.8333333333333344
58,8.250000000000002,1.6666666666666679,1.8333333333333357,3.250000000000003,-1.9999999999999982,-2.5000000000000013,2.1666666666666634,2.3333333333333326,-0.8333333333333335,-0.6666666666666667,-3.166666666666666,-1.8333333333333335,-1.5000000000000013
63,5.805555555555559,-0.833333333333331,-0.9999999999999971,0.9166666666666683,0.6666666666666674,-1.4999999999999998,-0.5000000000000089,-0.8333333333333413,0.3333333333333395,-1.1666666666666603,-0.5000000000000033,-0.8333333333333366,-0.0833333333333342
65,4.861111111111111,1.1666666666666663,1.1666666666666667,3.5833333333333366,-0.4999999999999986,-0.6666666666666674,0.6666666666666652,0.6666666666666662,-0.4999999999999998,-0.1666666666666663,-0.49999999999999956,-0.16666666666666688,-2.3869795029440866e-15
69,5.083333333333332,1.3333333333333313,1.666666666666665,0.25000000000000266,-1.333333333333334,1.3333333333333328,0.6666666666666762,0.8333333333333426,-0.5000000000000097,0.9999999999999916,-0.6666666666666643,0.16666666666666885,-0.25000000000000194
71,6.416666666666666,-0.3333333333333315,0.33333333333333615,-0.7499999999999996,0.5000000000000002,-4.440892098500626e-16,-0.5000000000000016,-1.3322676295501878e-15,0.3333333333333335,0.16666666666666852,0.6666666666666665,0.8333333333333327,-1.7763568394002505e-15
74,2.1111111111111116,0.16666666666666652,0.16666666666666774,4.833333333333335,0.1666666666666683,-0.33333333333333187,0.4999999999999977,0.33333333333333115,0.33333333333333537,1.2212453270876722e-15,-0.5000000000000007,-0.166666666666668,-1.5543122344752192e-15
75,3.9722222222222214,0.3333333333333317,1.3333333333333335,-1.0833333333333328,4.996003610813204e-16,1.1666666666666683,1.8333333333333355,0.8333333333333367,-0.16666666666666874,-0.6666666666666681,1.1666666666666674,0.5000000000000004,-0.16666666666666813
82,9.083333333333336,1.3877787807814457e-15,0.5000000000000044,0.25000000000000133,-0.1666666666666673,0.16666666666666607,0.16666666666666746,0.33333333333333326,0.6666666666666652,0.3333333333333328,1.5543122344752192e-15,6.733663622946134e-16,-2.333333333333335
83,4.472222222222221,1.9999999999999996,1.1666666666666674,-0.08333333333332904,0.3333333333333322,0.8333333333333326,0.33333333333333526,0.8333333333333349,-0.5000000000000024,0.16666666666666496,1.166666666666667,1.0000000000000002,-0.4166666666666686
92,5.416666666666668,1.1666666666666665,1.8333333333333348,1.250000000000002,1.1666666666666667,0.8333333333333338,-0.9999999999999999,-0.5000000000000009,-0.5000000000000003,-5.551115123125783e-16,-1.1666666666666672,-0.8333333333333328,-1.500000000000001
94,14.027777777777782,-0.3333333333333339,0.16666666666667096,-0.4166666666666651,-0.16666666666666563,1.3322676295501878e-15,0.16666666666666757,0.16666666666666763,0.6666666666666657,0.16666666666666807,-0.5000000000000002,-0.16666666666666657,-5.000000000000001
95,2.4444444444444464,0.6666666666666627,-1.3333333333333361,3.3333333333333384,-3.0000000000000027,-0.16666666666666863,1.3333333333333388,1.5000000000000049,0.6666666666666609,1.1666666666666599,1.3333333333333364,-1.4999999999999964,-1.3322676295501878e-15
100,1.1666666666666659,1.3333333333333315,1.1666666666666659,3.500000000000002,-0.16666666666666444,0.16666666666666835,1.8333333333333346,1.1666666666666696,-0.5000000000000013,-2.0539125955565396e-15,-0.8333333333333338,0.333333333333332,-0.4166666666666679
104,6.444444444444446,-0.16666666666666585,-0.49999999999999734,1.3333333333333361,0.9999999999999989,0.8333333333333321,-0.33333333333333315,0.6666666666666659,1.1666666666666663,1.6666666666666665,0.3333333333333326,-7.285880188459421e-17,-0.5833333333333359
105,5.333333333333331,1.9999999999999996,1.0000000000000027,2.500000000000006,2.333333333333334,2.666666666666667,2.166666666666668,1.8333333333333341,-1.000000000000001,-0.5000000000000017,-1.8333333333333335,-1.666666666666667,-1.9166666666666683
106,7.972222222222224,1.1666666666666676,0.5000000000000027,0.41666666666667007,-0.666666666666667,-0.6666666666666676,-0.6666666666666676,0.33333333333333315,-0.33333333333333526,-0.5000000000000013,-8.881784197001252e-16,0.6666666666666654,-0.16666666666666852
107,8.277777777777779,0.49999999999999745,1.3333333333333326,0.8333333333333346,-0.6666666666666645,1.5543122344752192e-15,0.5000000000000033,-0.16666666666666274,-0.16666666666666952,0.9999999999999982,-0.6666666666666656,8.39123999257503e-16,-2.333333333333335
110,12.361111111111116,0.6666666666666679,0.16666666666667007,0.5833333333333375,-1.0000000000000016,0.33333333333333126,-3.499999999999998,-2.166666666666666,1.166666666666662,0.1666666666666632,0.3333333333333326,-0.49999999999999933,-2.833333333333335
113,5.277777777777777,5.0,5.333333333333334,1.333333333333338,-0.9999999999999984,-1.6666666666666674,-2.4980018054066022e-15,0.33333333333333237,-1.333333333333334,-0.33333333333333237,-1.1666666666666665,1.3886988185508026e-15,-2.000000000000001
116,7.5000000000000036,0.3333333333333328,0.1666666666666684,2.6645352591003757e-15,0.3333333333333335,0.16666666666666763,0.6666666666666657,0.3333333333333328,0.33333333333333337,0.1666666666666664,-0.1666666666666674,-0.3333333333333342,-1.1666666666666683
117,4.083333333333333,0.4999999999999985,0.9999999999999997,1.7500000000000016,-0.6666666666666654,1.1666666666666692,1.1666666666666727,0.8333333333333395,-0.3333333333333386,-0.16666666666667174,-0.4999999999999991,0.5000000000000007,-0.9166666666666681
118,13.33333333333334,-1.345855765124801e-15,2.220446049250313e-15,2.6645352591003757e-15,8.881784197001252e-16,1.1102230246251565e-15,4.088904923098088e-16,6.661338147750939e-16,-3.885065531776964e-16,1.7763568394002505e-15,-6.661338147750939e-16,-1.1087808142404331e-16,-5.000000000000001
119,1.0833333333333335,0.33333333333333315,0.16666666666666677,0.2500000000000009,-0.3333333333333339,-0.16666666666666724,0.1666666666666669,0.3333333333333335,0.16666666666666619,0.33333333333333287,0.16666666666666702,-0.1666666666666662,-0.16666666666666702
124,2.4166666666666656,2.6666666666666647,2.3333333333333335,2.2500000000000044,0.5000000000000024,-0.4999999999999989,2.666666666666663,1.3333333333333313,1.333333333333337,1.1666666666666694,-0.3333333333333355,-0.6666666666666694,-0.9166666666666685
125,8.86111111111111,1.6666666666666647,1.1666666666666672,1.083333333333338,-1.3333333333333335,0.16666666666666585,1.3333333333333375,1.5000000000000049,-0.8333333333333388,0.16666666666666208,-0.33333333333333126,-0.3333333333333312,-2.583333333333335
129,2.9722222222222223,-9.43689570931383e-16,0.16666666666666702,0.9166666666666676,7.771561172376096e-16,0.6666666666666679,1.0000000000000018,0.6666666666666693,0.16666666666666502,-1.887379141862766e-15,-0.16666666666666696,0.33333333333333265,-0.750000000000001
131,9.52777777777778,0.16666666666666724,-0.3333333333333297,0.08333333333333592,0.1666666666666674,0.1666666666666674,0.16666666666666657,0.1666666666666663,0.4999999999999996,-0.16666666666666607,-0.16666666666666807,-1.1529649353176163e-15,-2.583333333333335
132,-1.111111111111112,0.8333333333333337,0.8333333333333344,9.166666666666668,2.9770933294862376e-15,-0.8333333333333326,0.8333333333333305,0.8333333333333305,0.833333333333337,0.8333333333333357,-0.8333333333333336,-1.3322676295501878e-15,-1.887379141862766e-15
133,2.972222222222221,1.333333333333332,2.333333333333332,0.4166666666666675,-1.5000000000000004,0.6666666666666661,0.8333333333333404,1.3333333333333401,-0.3333333333333404,0.499999999999994,-0.16666666666666385,0.33333333333333653,-0.5000000000000011
134,4.916666666666666,0.8333333333333331,0.6666666666666672,0.7500000000000013,0.33333333333333237,1.166666666666667,-0.49999999999999173,2.500000000000009,-1.3333333333333415,2.833333333333327,-1.4999999999999987,2.000000000000003,-1.5833333333333348
137,13.527777777777782,0.16666666666666496,0.16666666666666963,0.08333333333333615,-0.16666666666666585,1.1102230246251565e-15,0.33333333333333404,8.881784197001252e-16,0.16666666666666569,0.16666666666666807,0.0,-0.16666666666666627,-5.000000000000001
139,4.361111111111107,3.9999999999999964,4.33333333333333,-0.4166666666666644,-1.4999999999999984,0.33333333333333326,1.1666666666666754,1.6666666666666778,-4.000000000000009,-0.16666666666667318,1.5000000000000038,3.8333333333333375,-1.8333333333333344
140,8.111111111111112,0.9999999999999986,1.3333333333333326,0.833333333333336,-1.5000000000000007,-0.6666666666666679,1.0000000000000049,2.33333333333334,-2.83333333333334,0.6666666666666616,-1.1666666666666636,0.5000000000000037,-1.1666666666666683
141,1.97222222222222,2.833333333333332,3.833333333333333,2.916666666666669,-0.6666666666666659,-0.16666666666666696,3.0000000000000004,2.1666666666666687,0.6666666666666665,1.0,-0.49999999999999756,-1.3333333333333317,-2.166666666666668
142,1.4444444444444453,0.8333333333333311,-1.0000000000000002,4.333333333333338,-1.3600232051658168e-15,0.8333333333333321,0.8333333333333348,1.0000000000000004,-0.16666666666666796,0.4999999999999971,0.16666666666666796,-1.3333333333333324,-0.5000000000000009
144,0.6388888888888881,0.16666666666666585,1.4999999999999993,1.9166666666666656,1.3333333333333373,0.33333333333333615,1.6666666666666639,-3.9153916564512473e-16,-1.33333333333333,-1.499999999999997,-1.304512053934559e-15,1.1666666666666639,-0.8333333333333336
145,2.805555555555556,1.499999999999998,0.6666666666666661,2.416666666666671,8.326672684688674e-16,0.16666666666666752,0.5000000000000008,0.16666666666666755,-0.3333333333333347,0.4999999999999977,-1.1666666666666672,-0.6666666666666671,-0.25000000000000133
146,9.972222222222223,0.8333333333333347,0.3333333333333377,0.9166666666666701,-0.33333333333333504,-8.881784197001252e-16,7.216449660063518e-16,1.1666666666666665,-2.220446049250313e-15,0.1666666666666652,0.3333333333333346,0.3333333333333348,-2.8333333333333353
147,1.38888888888889,0.16666666666666521,-9.159339953157541e-16,6.166666666666669,0.1666666666666695,-0.49999999999999817,1.4999999999999976,0.6666666666666659,-0.6666666666666641,-0.16666666666666544,-1.0000000000000009,-0.3333333333333353,-1.457167719820518e-15
148,0.1388888888888895,1.6666666666666625,-2.6645352591003757e-15,7.916666666666672,2.4673177798079246e-15,1.6666666666666683,4.440892098500626e-15,-0.8333333333333292,-0.833333333333337,-4.884981308350689e-15,0.8333333333333335,0.8333333333333324,-0.41666666666666835
149,10.27777777777778,-0.1666666666666673,-0.49999999999999933,0.33333333333333703,-0.8333333333333338,-0.33333333333333415,0.6666666666666676,1.16666666666667,-1.333333333333337,0.1666666666666634,-1.3333333333333326,-0.8333333333333331,-0.9166666666666685
150,3.72222222222222,0.1666666666666679,2.0,0.6666666666666636,-1.4999999999999978,-1.3333333333333326,-0.499999999999997,0.1666666666666714,-0.6666666666666702,1.3333333333333326,1.1666666666666696,3.500000000000002,-0.8333333333333341
153,0.38888888888888706,-1.609823385706477e-15,0.6666666666666663,3.666666666666668,0.16666666666666508,1.4999999999999993,2.833333333333338,3.333333333333338,-0.5000000000000022,0.6666666666666639,1.333333333333337,0.33333333333333637,-1.0833333333333344
154,4.750000000000001,1.1666666666666654,0.8333333333333335,2.7500000000000027,-1.0000000000000013,-0.5000000000000013,1.0000000000000007,1.5000000000000009,-0.3333333333333342,0.3333333333333329,0.8333333333333356,-0.33333333333333104,-2.333333333333334
155,-0.2777777777777781,0.16666666666666607,-3.3306690738754696e-16,5.666666666666668,1.4505865811237185e-15,-0.33333333333333304,0.4999999999999988,0.16666666666666521,-0.16666666666666485,0.3333333333333345,0.16666666666666785,-2.220446049250313e-16,-9.992007221626409e-16
156,12.861111111111116,0.33333333333333415,3.774758283725532e-15,0.5833333333333377,0.6666666666666672,0.6666666666666661,-0.16666666666666702,-9.992007221626409e-16,-0.8333333333333336,-1.8333333333333344,-1.8333333333333353,-1.3333333333333348,-3.333333333333335
158,11.722222222222223,1.3333333333333324,0.8333333333333357,1.166666666666671,-0.9999999999999993,0.16666666666666785,1.3333333333333373,1.3333333333333384,-1.3333333333333384,-0.500000000000004,-1.1666666666666654,0.3333333333333341,-4.000000000000002
159,7.833333333333335,0.8333333333333321,0.6666666666666684,-1.9999999999999958,1.5000000000000002,1.5000000000000007,0.4999999999999989,-2.220446049250313e-16,-0.6666666666666679,-1.8333333333333353,-2.833333333333338,-2.16666666666667,-0.3333333333333347
160,5.833333333333329,7.5,7.500000000000003,7.993605777301127e-15,0.8333333333333341,-0.8333333333333355,-5.662137425588298e-15,-6.661338147750939e-15,2.9976021664879227e-15,4.218847493575595e-15,-0.8333333333333326,-1.6666666666666659,-2.0833333333333357
161,-0.3055555555555587,5.499999999999998,5.833333333333331,1.583333333333338,-0.6666666666666656,-4.440892098500626e-16,0.8333333333333348,0.500000000000002,-2.4424906541753444e-15,0.33333333333333104,0.1666666666666674,0.1666666666666678,-0.2500000000000015
162,8.027777777777779,0.5000000000000004,0.33333333333333537,0.5833333333333359,-0.33333333333333237,-0.33333333333333237,-2.220446049250313e-16,-0.16666666666666718,0.3333333333333329,0.5000000000000004,0.5000000000000004,0.33333333333333315,-1.5000000000000016
163,-0.38888888888889184,2.3333333333333317,2.9999999999999973,3.8333333333333344,-0.49999999999999645,-0.16666666666666508,1.5000000000000018,0.3333333333333368,-1.1666666666666683,-8.881784197001252e-16,1.1666666666666683,2.1666666666666665,-0.4166666666666679
165,0.44444444444444403,1.833333333333332,0.9999999999999996,6.333333333333337,-0.4999999999999989,0.33333333333333354,0.3333333333333344,4.440892098500626e-16,-7.216449660063518e-16,-0.1666666666666685,0.5000000000000009,-0.16666666666666624,-0.41666666666666796
169,5.250000000000002,-0.33333333333333326,-0.16666666666666508,-0.24999999999999856,0.6666666666666674,0.3333333333333339,0.16666666666666485,-0.16666666666666807,0.16666666666666718,-0.1666666666666654,0.16666666666666607,-0.16666666666666796,-0.16666666666666813
170,2.861111111111109,1.4999999999999996,2.333333333333333,1.5833333333333348,-0.49999999999999933,-0.6666666666666672,0.8333333333333347,1.000000000000002,-0.16666666666666807,2.0000000000000004,0.6666666666666696,1.166666666666669,-0.583333333333335
171,2.7222222222222197,1.6666666666666687,3.5000000000000027,0.1666666666666652,-0.9999999999999972,-0.8333333333333313,0.9999999999999998,0.6666666666666683,1.6666666666666656,0.5000000000000007,-0.6666666666666674,1.3333333333333326,-0.6666666666666681
177,7.833333333333334,0.8333333333333326,0.16666666666666818,3.3306690738754696e-15,6.661338147750939e-16,2.220446049250313e-16,0.6666666666666681,0.833333333333335,-0.16666666666666838,1.166666666666666,-0.33333333333333304,0.3333333333333337,-2.583333333333335
178,1.6944444444444438,2.1666666666666656,0.6666666666666676,4.583333333333339,-0.1666666666666694,0.4999999999999968,2.0000000000000018,3.333333333333334,-0.833333333333335,0.6666666666666643,2.4424906541753444e-15,-1.1666666666666636,-1.3333333333333346
179,-0.36111111111111155,0.8333333333333328,0.833333333333333,1.9166666666666674,-0.666666666666666,-0.16666666666666619,0.16666666666666755,6.661338147750939e-16,0.3333333333333327,-0.16666666666666785,0.3333333333333335,0.3333333333333332,-0.08333333333333376
181,4.472222222222223,0.33333333333333404,-0.6666666666666644,1.9166666666666698,0.8333333333333335,1.3333333333333344,-0.4999999999999994,-0.3333333333333339,1.6666666666666656,0.4999999999999994,0.49999999999999845,0.16666666666666544,-1.0000000000000018
189,2.055555555555555,1.166666666666665,0.4999999999999993,2.1666666666666696,-0.8333333333333327,3.885780586188048e-16,1.1666666666666698,1.0000000000000038,-0.6666666666666696,0.33333333333332993,9.992007221626409e-16,0.6666666666666672,-0.500000000000001
190,3.194444444444441,1.333333333333328,1.4999999999999978,1.5833333333333353,-1.9999999999999982,1.3333333333333357,4.166666666666677,2.1666666666666776,2.166666666666659,3.1666666666666607,0.3333333333333386,-0.4999999999999967,-2.666666666666668
191,4.833333333333334,2.1666666666666674,0.8333333333333359,1.0000000000000053,0.6666666666666661,0.8333333333333346,-0.3333333333333339,0.33333333333333215,1.1666666666666656,0.33333333333333215,0.1666666666666643,0.3333333333333317,-0.4166666666666691
192,12.416666666666671,0.33333333333333315,0.16666666666666985,0.2500000000000029,-0.16666666666666607,0.1666666666666674,0.1666666666666677,0.33333333333333415,-1.6819235274101145e-15,0.0,-0.3333333333333339,-0.16666666666666619,-4.500000000000001
194,6.749999999999999,3.0,3.000000000000001,0.750000000000004,-0.3333333333333328,-0.6666666666666681,1.6666666666666652,1.8333333333333337,-2.8333333333333344,-1.6666666666666659,-0.3333333333333317,0.3333333333333348,-2.2500000000000013
197,2.1944444444444398,3.000000000000001,7.333333333333334,-0.9166666666666683,0.5000000000000036,-0.6666666666666656,1.1666666666666625,-0.33333333333333615,-0.33333333333332993,-0.8333333333333275,0.8333333333333361,0.5000000000000014,-0.333333333333335
199,9.13888888888889,0.16666666666666596,1.0000000000000022,1.9166666666666692,0.1666666666666674,0.5,0.1666666666666695,0.5000000000000023,-0.5000000000000031,1.1666666666666656,-0.6666666666666636,-0.16666666666666446,-2.7500000000000013
201,2.0555555555555527,1.333333333333334,5.333333333333332,0.16666666666666308,0.16666666666666852,-1.0000000000000004,0.8333333333333309,0.833333333333333,-1.499999999999998,0.16666666666667074,0.8333333333333373,1.3333333333333366,-1.2500000000000007
203,7.583333333333332,0.499999999999999,0.5000000000000011,0.2500000000000022,0.5000000000000013,0.5000000000000011,1.5000000000000004,1.0000000000000018,-0.8333333333333343,-0.16666666666666674,-0.16666666666666696,0.6666666666666666,-2.083333333333335
205,13.194444444444448,0.3333333333333316,2.886579864025407e-15,0.08333333333333648,6.661338147750939e-16,-0.16666666666666563,0.33333333333333304,0.0,0.166666666666667,0.16666666666666896,0.33333333333333326,7.865007159696508e-17,-4.916666666666668
206,3.9722222222222245,-0.6666666666666652,-1.1666666666666625,4.91666666666667,2.6666666666666665,1.4999999999999996,-1.1666666666666718,-0.6666666666666741,1.5000000000000058,-0.33333333333332865,1.333333333333331,-0.1666666666666692,-1.5000000000000018
207,12.916666666666671,9.856125865880277e-16,3.9968028886505635e-15,1.2500000000000018,1.7763568394002505e-15,1.1102230246251565e-15,-1.666666666666664,-0.8333333333333319,0.8333333333333305,1.6666666666666663,-0.8333333333333337,0.8333333333333333,-3.7500000000000018
208,9.944444444444446,0.9999999999999994,1.3333333333333353,0.3333333333333359,-0.9999999999999993,-0.16666666666666585,0.833333333333337,1.0000000000000047,-1.0000000000000053,0.3333333333333297,-1.9999999999999982,-0.16666666666666513,-2.2500000000000018
212,7.555555555555557,0.33333333333333304,0.3333333333333357,2.6666666666666687,-0.1666666666666647,-0.16666666666666474,0.4999999999999991,-0.3333333333333348,1.1666666666666676,1.3322676295501878e-15,0.9999999999999996,0.6666666666666653,-1.250000000000002
217,2.138888888888888,1.1666666666666654,3.0,1.916666666666667,1.8333333333333375,1.3333333333333366,1.8333333333333326,0.33333333333333404,-0.16666666666666477,-0.6666666666666656,-2.1666666666666683,-0.6666666666666695,-1.5833333333333341
218,2.5277777777777777,0.9999999999999988,0.8333333333333334,3.5833333333333366,0.5000000000000008,1.3333333333333341,-0.8333333333333306,-0.8333333333333321,1.3333333333333313,1.499999999999998,0.16666666666666763,-0.33333333333333276,-0.333333333333335
221,9.305555555555557,0.16666666666666752,1.0000000000000029,0.41666666666666763,-0.3333333333333325,-2.220446049250313e-16,-0.4999999999999989,-0.33333333333333326,0.6666666666666656,0.0,0.6666666666666676,0.5000000000000006,-2.0833333333333353
222,4.1388888888888875,1.499999999999999,1.166666666666667,-0.08333333333332948,1.0000000000000002,1.666666666666667,-0.1666666666666627,-0.16666666666666374,-1.0000000000000044,0.6666666666666627,-1.9999999999999982,-1.333333333333332,-0.750000000000001
223,3.3055555555555545,-0.33333333333333426,4.440892098500626e-16,1.916666666666668,0.1666666666666684,1.000000000000001,0.3333333333333366,-0.16666666666666385,0.6666666666666644,0.9999999999999984,0.1666666666666674,0.5000000000000003,-0.41666666666666813
225,10.416666666666666,-0.5000000000000031,0.49999999999999956,0.250000000000002,-0.49999999999999845,8.881784197001252e-16,1.5000000000000024,0.5000000000000036,-1.1666666666666696,0.6666666666666656,-0.8333333333333304,-0.6666666666666652,-2.416666666666668
227,4.444444444444443,-1.7763568394002505e-15,0.8333333333333317,-1.1666666666666674,-0.999999999999998,-0.16666666666666385,1.6666666666666696,0.6666666666666723,-0.6666666666666701,0.49999999999999756,1.6666666666666679,2.6666666666666665,-0.3333333333333347
231,7.694444444444448,0.8333333333333311,1.4999999999999996,2.083333333333336,-0.3333333333333307,-0.8333333333333324,0.9999999999999971,-0.16666666666666685,-1.3333333333333326,-1.3333333333333337,-2.833333333333335,-1.8333333333333353,-1.1666666666666683
232,-0.6111111111111135,2.833333333333332,2.833333333333333,2.666666666666669,-0.49999999999999734,-0.3333333333333318,1.6666666666666656,0.5000000000000003,1.0000000000000007,0.16666666666666688,-3.3306690738754696e-16,0.1666666666666657,-0.5833333333333344
233,15.666666666666668,8.74590284125512e-16,5.551115123125783e-15,3.219646771412954e-15,8.881784197001252e-16,2.220446049250313e-16,7.319066655112281e-16,-6.661338147750939e-16,-1.2766849728778217e-15,6.661338147750939e-16,1.5543122344752192e-15,2.7769997719476147e-16,-5.000000000000002
234,1.0277777777777763,0.8333333333333337,1.5000000000000009,0.5833333333333336,0.16666666666666824,0.16666666666666752,-0.33333333333333326,-0.8333333333333339,1.1666666666666665,0.6666666666666674,0.16666666666666696,0.16666666666666632,-7.494005416219807e-16
238,5.3055555555555545,2.6666666666666634,1.9999999999999996,2.4166666666666723,0.6666666666666689,1.500000000000001,1.833333333333337,0.8333333333333379,-1.5000000000000038,-0.3333333333333374,-2.6666666666666674,-1.1666666666666676,-1.8333333333333348
240,3.083333333333332,1.6666666666666665,2.8333333333333335,0.7500000000000011,0.16666666666666896,-0.1666666666666654,0.49999999999999967,5.551115123125783e-16,-0.3333333333333338,0.33333333333333404,-1.3333333333333326,-0.1666666666666666,-0.5000000000000013
244,4.222222222222223,0.16666666666666702,-0.49999999999999845,1.166666666666669,-0.833333333333335,-1.5543122344752192e-15,0.1666666666666684,1.0000000000000013,-0.3333333333333357,-2.1094237467877974e-15,1.6666666666666685,1.0000000000000018,-1.0000000000000007
246,2.305555555555555,0.666666666666667,1.5000000000000004,-0.08333333333333304,0.5000000000000012,-0.8333333333333335,0.6666666666666631,0.4999999999999982,2.6645352591003757e-15,1.166666666666671,0.5000000000000009,0.6666666666666672,-0.41666666666666735
248,1.9166666666666627,4.166666666666666,6.333333333333334,0.25000000000000266,1.1102230246251565e-16,-0.5000000000000022,1.833333333333331,1.1666666666666645,-0.6666666666666647,0.16666666666666918,0.16666666666667118,-1.6666666666666634,-1.0833333333333344
249,6.4444444444444455,1.8333333333333326,1.0000000000000018,1.8333333333333373,-2.000000000000001,-0.16666666666666696,-0.4999999999999964,-0.6666666666666647,1.833333333333329,0.49999999999999617,-0.3333333333333325,-1.3333333333333324,-2.000000000000001
250,3.1666666666666634,1.9999999999999978,2.999999999999999,1.0000000000000018,-0.4999999999999971,2.6645352591003757e-15,2.5000000000000018,0.5000000000000029,1.1666666666666656,1.8333333333333333,0.3333333333333357,0.16666666666666755,-1.2500000000000013
251,5.027777777777779,0.16666666666666632,0.1666666666666684,2.0833333333333353,0.5000000000000018,0.8333333333333355,1.1666666666666679,0.6666666666666683,0.4999999999999998,-0.1666666666666674,-0.5000000000000011,0.3333333333333314,-1.9166666666666679
260,0.888888888888889,1.666666666666664,0.9999999999999987,5.66666666666667,-0.6666666666666642,0.3333333333333348,1.0000000000000009,-0.3333333333333317,-0.33333333333333426,-1.0000000000000022,1.0,0.6666666666666656,-1.0000000000000009
262,6.833333333333336,-1.1102230246251565e-15,-0.49999999999999956,-0.4999999999999969,0.6666666666666671,0.33333333333333437,0.9999999999999978,0.49999999999999933,0.0,2.220446049250313e-16,-0.16666666666666785,-0.3333333333333351,-0.33333333333333526
263,-0.0555555555555558,-0.33333333333333315,0.16666666666666707,5.833333333333334,0.8333333333333354,8.881784197001252e-16,0.49999999999999767,0.33333333333333115,-0.4999999999999969,-0.1666666666666642,-0.33333333333333337,0.16666666666666563,-0.08333333333333437
265,2.555555555555556,1.5000000000000018,3.1666666666666687,5.666666666666666,-0.16666666666666352,0.33333333333333537,-1.166666666666666,-0.6666666666666666,0.3333333333333327,-1.6666666666666674,-1.1666666666666687,0.8333333333333321,-1.0000000000000018
266,1.1944444444444442,1.1666666666666652,1.1666666666666663,6.583333333333337,0.16666666666666463,0.6666666666666639,1.166666666666668,2.166666666666667,-1.5000000000000004,0.33333333333333226,1.3333333333333377,-0.4999999999999962,-0.9166666666666682
269,3.2499999999999987,0.16666666666666635,0.8333333333333335,1.75,5.551115123125783e-16,2.0000000000000013,0.6666666666666747,1.333333333333342,-1.3333333333333406,-0.1666666666666723,0.8333333333333353,2.6666666666666683,-0.8333333333333348
270,2.305555555555554,1.0000000000000004,1.6666666666666674,3.416666666666668,-1.3333333333333346,0.9999999999999998,0.33333333333334114,1.8333333333333401,-0.16666666666667362,0.3333333333333266,2.220446049250313e-15,0.6666666666666696,-0.2500000000000018
274,-2.1666666666666696,2.8333333333333313,3.1666666666666647,4.000000000000002,-1.166666666666664,-1.333333333333333,2.4999999999999982,0.9999999999999998,2.6645352591003757e-15,1.7763568394002505e-15,2.1666666666666687,1.333333333333333,-0.33333333333333426
278,2.0833333333333344,0.3333333333333333,0.16666666666666713,5.750000000000003,9.43689570931383e-16,-3.3306690738754696e-16,-1.2212453270876722e-15,-1.5543122344752192e-15,-0.16666666666666607,-0.3333333333333332,0.16666666666666696,-0.166666666666667,-0.08333333333333484
279,3.0000000000000004,4.218847493575595e-15,-0.9999999999999946,2.6645352591003757e-15,2.833333333333333,-0.3333333333333344,0.8333333333333244,2.166666666666658,0.8333333333333414,0.1666666666666728,-1.6666666666666707,-0.8333333333333367,-0.08333333333333454
281,9.63888888888889,0.8333333333333338,0.33333333333333637,0.41666666666667007,-0.33333333333333415,0.49999999999999956,0.3333333333333356,0.3333333333333347,0.33333333333333054,0.3333333333333317,1.7763568394002505e-15,-0.3333333333333319,-3.166666666666668
288,1.6111111111111114,-1.1666666666666679,-1.0000000000000007,4.833333333333335,1.3333333333333346,0.5000000000000002,0.6666666666666641,0.16666666666666463,-1.8333333333333308,-0.3333333333333308,0.5000000000000019,-0.1666666666666664,-0.08333333333333427
290,7.916666666666668,-0.16666666666666674,-0.33333333333333126,-0.7499999999999973,0.6666666666666667,0.8333333333333333,-0.16666666666666663,0.16666666666666718,-0.33333333333333526,-0.16666666666666785,-0.33333333333333437,-0.16666666666666785,-0.5833333333333353
294,6.888888888888886,1.3333333333333317,2.3333333333333335,0.6666666666666681,-0.4999999999999962,-1.3333333333333306,2.166666666666665,0.5,0.8333333333333349,1.833333333333337,0.6666666666666685,1.0000000000000004,-2.4166666666666683
295,7.111111111111113,0.33333333333333104,-4.440892098500626e-16,0.8333333333333371,-1.833333333333334,0.16666666666666718,1.833333333333338,1.0000000000000058,-0.16666666666667207,-5.551115123125783e-15,-0.9999999999999993,-1.166666666666666,-0.9166666666666679
299,9.583333333333336,-1.0000000000000009,-0.49999999999999956,1.7500000000000018,0.16666666666666852,-0.16666666666666607,-0.500000000000001,-1.0000000000000013,-0.33333333333333304,0.33333333333333415,0.6666666666666674,-0.16666666666666682,-0.6666666666666692
300,3.222222222222224,0.16666666666666585,-0.9999999999999987,4.6666666666666705,1.500000000000001,0.6666666666666674,0.3333333333333286,-0.6666666666666721,0.6666666666666718,-0.4999999999999962,1.8333333333333321,-0.16666666666666918,-1.7500000000000009
301,0.5555555555555547,0.6666666666666652,1.4999999999999987,2.6666666666666665,1.166666666666671,2.7200464103316335e-15,1.9999999999999964,0.16666666666666602,-1.4999999999999962,-1.33333333333333,0.33333333333333215,1.3333333333333304,-1.0000000000000004
303,5.527777777777777,8.881784197001252e-16,1.3333333333333355,0.08333333333333315,0.6666666666666683,0.16666666666666785,0.3333333333333326,-7.771561172376096e-16,-0.4999999999999992,-0.16666666666666452,0.8333333333333353,1.0000000000000007,-1.0833333333333344
305,4.694444444444443,0.9999999999999997,0.33333333333333337,2.5833333333333357,-1.4999999999999991,-1.1666666666666663,2.0000000000000013,2.3333333333333375,-2.0000000000000027,-0.1666666666666683,0.5000000000000018,1.8333333333333348,-0.9166666666666679
306,10.777777777777782,2.0000000000000018,-0.1666666666666612,2.333333333333341,1.3333333333333344,-0.5000000000000002,-1.1666666666666747,-1.5000000000000093,5.773159728050814e-15,-2.666666666666662,-1.333333333333339,-1.8333333333333384,-3.2500000000000013
308,10.750000000000002,0.3333333333333348,0.1666666666666714,0.7500000000000036,0.3333333333333319,0.6666666666666647,0.5000000000000008,1.4999999999999993,0.16666666666666533,-0.16666666666666696,8.881784197001252e-16,-0.49999999999999883,-3.666666666666668
313,7.166666666666668,0.16666666666666619,0.8333333333333346,0.5000000000000007,0.1666666666666674,-0.1666666666666663,0.4999999999999993,0.5000000000000002,-0.33333333333333265,-0.16666666666666474,0.16666666666666652,0.3333333333333336,-3.000000000000001
314,1.5555555555555551,0.833333333333333,0.8333333333333331,1.6666666666666679,-0.3333333333333327,-0.5000000000000002,0.333333333333333,0.3333333333333336,-0.8333333333333337,5.551115123125783e-17,-0.33333333333333254,6.828160043521658e-16,-0.4166666666666672
316,15.333333333333334,3.608224830031759e-16,4.440892098500626e-15,3.1086244689504383e-15,1.5543122344752192e-15,0.0,5.828670879282072e-16,-6.661338147750939e-16,-1.304512053934559e-15,2.220446049250313e-16,1.9984014443252818e-15,1.6191679844385182e-16,-4.500000000000002
317,3.7500000000000004,1.666666666666664,0.8333333333333324,3.2500000000000044,-1.1666666666666676,0.16666666666666508,3.3333333333333353,3.166666666666671,-2.0000000000000027,-1.5000000000000042,-0.3333333333333328,-0.6666666666666659,-0.916666666666668
318,4.083333333333335,-0.3333333333333323,0.3333333333333344,0.2500000000000001,-0.1666666666666669,-0.3333333333333336,-0.5000000000000006,-2.220446049250313e-16,-0.3333333333333338,-0.16666666666666663,-0.5000000000000004,6.34465290121191e-16,-0.16666666666666755
320,10.000000000000004,0.9999999999999976,0.49999999999999967,1.0000000000000036,-1.4999999999999991,-0.49999999999999933,1.6666666666666694,1.3333333333333388,-1.500000000000004,-0.5000000000000029,-1.5000000000000004,-0.49999999999999917,-3.333333333333334
323,5.027777777777779,0.16666666666666632,0.1666666666666684,2.0833333333333353,0.5000000000000018,0.8333333333333355,1.1666666666666679,0.6666666666666683,0.4999999999999998,-0.1666666666666674,-0.5000000000000011,0.3333333333333314,-1.9166666666666679
325,6.055555555555557,-2.5630246515400895e-15,-0.3333333333333348,2.166666666666668,-1.8333333333333321,0.0,0.8333333333333418,1.8333333333333444,-1.8333333333333426,1.4999999999999918,-1.8333333333333321,1.5000000000000016,-0.4166666666666686
330,3.11111111111111,-0.8333333333333341,0.6666666666666666,-0.16666666666666874,-3.5000000000000027,1.3333333333333326,1.8333333333333484,3.500000000000014,0.9999999999999871,1.3333333333333217,1.000000000000005,1.3333333333333395,-0.8333333333333344
334,6.8611111111111125,1.499999999999999,1.3333333333333341,0.5833333333333368,-1.5000000000000004,0.33333333333333304,1.8333333333333384,2.0000000000000058,-1.500000000000006,-1.6666666666666723,-1.4999999999999996,-0.666666666666666,-1.750000000000001
335,1.7222222222222232,0.4999999999999999,0.1666666666666675,2.1666666666666683,-0.16666666666666688,0.8333333333333337,-0.33333333333333154,1.2212453270876722e-15,0.3333333333333312,-0.6666666666666694,-0.16666666666666752,-0.1666666666666669,-0.41666666666666735
337,0.0833333333333327,-0.6666666666666659,0.16666666666666735,0.24999999999999856,2.1522601762522563e-17,1.6653345369377348e-16,0.49999999999999967,0.4999999999999999,0.16666666666666752,-0.16666666666666557,0.8333333333333341,0.6666666666666672,-1.249000902703301e-16
338,5.583333333333334,2.833333333333331,1.666666666666666,4.250000000000006,-1.1666666666666663,-0.33333333333333404,1.5000000000000007,1.0000000000000013,-1.500000000000002,-1.0000000000000022,0.16666666666666807,-0.6666666666666655,-2.5833333333333344
339,11.000000000000004,0.6666666666666661,1.8333333333333341,-0.9999999999999984,-0.4999999999999998,6.661338147750939e-16,-0.33333333333333115,-0.16666666666666385,-0.500000000000004,-2.220446049250313e-15,-1.0000000000000004,3.6491789821530555e-16,-1.3333333333333353
340,4.861111111111109,-0.6666666666666659,1.000000000000002,-0.9166666666666681,1.6666666666666685,0.6666666666666687,1.3333333333333321,0.4999999999999988,0.16666666666666963,0.6666666666666707,1.166666666666669,1.1666666666666667,-1.2500000000000009
341,5.138888888888889,-0.6666666666666661,0.3333333333333357,0.9166666666666663,0.8333333333333343,-0.16666666666666652,0.9999999999999962,0.6666666666666636,0.6666666666666706,0.5000000000000044,1.5000000000000009,0.6666666666666661,-1.7500000000000009
342,2.1944444444444446,0.6666666666666655,0.6666666666666659,2.0833333333333344,-0.1666666666666641,-0.4999999999999984,0.16666666666666602,-0.8333333333333331,-0.6666666666666661,5.273559366969494e-16,-0.1666666666666664,0.4999999999999993,-0.5000000000000007
346,3.777777777777778,-2.609024107869118e-15,-0.16666666666666796,1.833333333333335,-0.6666666666666663,0.5000000000000008,1.000000000000004,0.3333333333333379,-1.333333333333337,0.1666666666666632,1.0000000000000027,0.8333333333333349,-0.6666666666666676
349,6.222222222222225,-0.49999999999999944,-1.3333333333333317,-0.3333333333333321,-2.5000000000000027,-0.3333333333333345,-0.4999999999999938,1.1666666666666723,0.33333333333332643,0.33333333333332704,-0.33333333333333204,2.8311408233133853e-15,-1.666666666666667
351,8.388888888888893,-1.3322676295501878e-15,-0.33333333333333104,0.1666666666666703,0.833333333333333,0.8333333333333335,0.8333333333333324,0.33333333333333215,0.8333333333333344,0.3333333333333346,0.3333333333333335,-1.1666666666666672,-1.916666666666668
357,8.944444444444445,0.6666666666666651,0.6666666666666672,0.3333333333333359,-1.1666666666666652,1.5543122344752192e-15,1.500000000000003,0.833333333333338,-0.5000000000000043,-0.1666666666666703,-1.333333333333333,-0.3333333333333329,-1.9166666666666679
360,6.888888888888891,0.6666666666666674,0.5000000000000018,0.16666666666666885,-0.8333333333333326,-0.9999999999999998,0.1666666666666653,-3.3306690738754696e-16,1.1666666666666665,0.49999999999999933,-0.8333333333333353,-1.3892921691078308e-15,-0.5833333333333349
362,7.638888888888889,1.166666666666666,1.0000000000000013,0.41666666666666907,-0.16666666666666452,0.3333333333333348,-0.666666666666665,-1.1666666666666645,0.8333333333333306,0.8333333333333315,-0.6666666666666674,0.3333333333333323,-1.0000000000000018
367,3.444444444444444,0.9999999999999987,1.3333333333333328,3.333333333333335,-0.3333333333333319,0.6666666666666676,0.3333333333333367,3.3306690738754696e-15,-0.6666666666666698,-2.7755575615628914e-15,1.0000000000000013,1.3333333333333341,-1.0000000000000018
368,10.444444444444446,-1.4999999999999982,-1.166666666666662,0.3333333333333335,-0.16666666666666607,0.5000000000000009,1.3333333333333361,2.0000000000000036,0.9999999999999977,0.33333333333333237,-0.33333333333333415,1.166666666666666,-3.5833333333333344
370,5.000000000000002,-5.551115123125783e-16,9.992007221626409e-16,3.0000000000000027,9.43689570931383e-16,-6.661338147750939e-16,-7.771561172376096e-16,-6.661338147750939e-16,1.1102230246251565e-16,-1.1102230246251565e-16,0.0,-6.621105100822004e-16,-1.7208456881689926e-15
373,8.638888888888891,0.33333333333333426,0.3333333333333368,0.41666666666666896,8.881784197001252e-16,-0.3333333333333328,-1.4432899320127035e-15,0.16666666666666508,0.16666666666666663,1.3322676295501878e-15,0.3333333333333335,0.3333333333333337,-2.083333333333335
374,0.4444444444444444,0.999999999999999,0.8333333333333335,4.833333333333336,0.8333333333333357,0.5000000000000016,1.4999999999999984,0.8333333333333328,-0.4999999999999982,-0.666666666666666,-0.3333333333333345,0.16666666666666474,-0.9166666666666676
377,6.3888888888888875,3.500000000000001,4.166666666666669,0.16666666666667118,-1.3333333333333361,-2.886579864025407e-15,1.000000000000003,2.166666666666669,-1.5000000000000049,-0.833333333333337,-0.6666666666666623,-1.1666666666666623,-1.750000000000001
381,2.0833333333333326,-0.8333333333333379,-0.6666666666666685,3.7500000000000004,1.500000000000005,2.5000000000000058,3.0000000000000053,1.0000000000000078,-0.8333333333333363,0.33333333333333026,-0.6666666666666676,1.666666666666664,-1.8333333333333346
383,0.6388888888888885,-0.3333333333333314,1.0000000000000013,0.9166666666666646,0.6666666666666681,8.881784197001252e-16,-0.5000000000000016,-0.3333333333333347,0.16666666666666868,-0.4999999999999975,0.6666666666666659,1.499999999999999,-5.273559366969494e-16
384,1.6666666666666643,9.33826612612455e-16,5.0,0.4999999999999941,0.1666666666666683,-1.1666666666666674,1.3333333333333304,1.1666666666666656,-1.166666666666663,0.1666666666666725,1.0000000000000047,1.0000000000000036,-1.3333333333333335
385,4.694444444444446,0.4999999999999981,-0.1666666666666668,3.5833333333333375,0.666666666666667,0.16666666666666596,0.4999999999999991,0.3333333333333329,-2.6666666666666674,-0.5000000000000009,-1.999999999999999,-1.666666666666666,-0.25000000000000094
387,5.277777777777779,-1.8596235662471372e-15,0.3333333333333328,1.3333333333333346,-0.6666666666666659,0.5000000000000004,0.500000000000004,0.33333333333333803,-1.0000000000000044,0.3333333333333296,-0.33333333333333104,0.1666666666666682,-1.0833333333333344
388,4.416666666666667,-0.1666666666666654,0.16666666666666868,0.2500000000000008,0.16666666666666685,0.3333333333333337,-0.16666666666666718,0.1666666666666664,0.1666666666666663,-0.6666666666666671,0.16666666666666563,0.3333333333333323,-0.08333333333333476
390,4.111111111111111,1.0000000000000018,0.3333333333333358,1.3333333333333366,-1.1666666666666687,-1.500000000000003,1.8333333333333315,2.9999999999999982,-1.1666666666666656,-0.9999999999999993,1.333333333333335,1.0000000000000013,-0.08333333333333481
394,2.3888888888888884,0.9999999999999999,0.16666666666666852,2.666666666666669,1.1102230246251565e-16,1.1666666666666674,2.000000000000004,2.6666666666666714,0.3333333333333306,-0.16666666666667063,-0.3333333333333349,0.9999999999999989,-2.000000000000001
396,6.916666666666668,1.1666666666666634,0.8333333333333321,1.7500000000000029,-0.49999999999999667,2.7755575615628914e-15,1.166666666666669,-0.1666666666666622,-1.166666666666669,-0.33333333333333615,-1.3333333333333344,0.33333333333333176,-2.416666666666668
398,9.194444444444443,0.4999999999999998,1.8333333333333346,2.583333333333335,-3.1666666666666665,0.9999999999999989,-0.16666666666665247,1.5000000000000144,-1.5000000000000155,0.33333333333332105,-1.8333333333333297,1.1666666666666712,-1.2500000000000024
400,8.555555555555554,2.4999999999999973,2.666666666666667,1.1666666666666705,-2.6666666666666656,-0.16666666666666652,2.8333333333333397,2.3333333333333415,-0.5000000000000073,0.16666666666666075,-0.8333333333333297,-0.49999999999999695,-3.166666666666668
403,3.305555555555557,-0.5000000000000009,-0.8333333333333335,1.9166666666666683,-0.6666666666666661,-0.6666666666666664,0.9999999999999988,0.6666666666666669,-0.3333333333333329,-0.5000000000000004,-0.5000000000000011,-0.3333333333333349,-9.159339953157541e-16
404,5.166666666666668,0.8333333333333328,0.6666666666666684,1.5000000000000024,0.6666666666666681,0.8333333333333349,0.8333333333333343,0.6666666666666676,0.16666666666666596,-0.1666666666666674,-0.33333333333333437,0.3333333333333323,-1.8333333333333346
407,4.027777777777778,1.8333333333333321,0.5000000000000006,2.583333333333338,-0.3333333333333318,0.6666666666666683,0.8333333333333366,0.500000000000004,-3.497202527569243e-15,0.3333333333333295,-0.6666666666666674,0.4999999999999995,-1.4166666666666679
408,13.611111111111112,0.999999999999999,0.833333333333337,-0.1666666666666624,0.5000000000000011,-0.16666666666666607,0.33333333333333226,-1.3322676295501878e-15,-0.16666666666666627,0.5000000000000018,-0.3333333333333328,-0.3333333333333334,-4.500000000000002
410,5.388888888888887,0.9999999999999983,2.166666666666668,1.1666666666666674,1.000000000000002,2.1666666666666696,3.166666666666672,2.500000000000006,-3.6637359812630166e-15,0.6666666666666641,-0.9999999999999991,0.6666666666666664,-2.916666666666668
414,1.0277777777777781,0.3333333333333333,2.498001805406602e-16,0.08333333333333431,-0.3333333333333339,-0.33333333333333404,-0.1666666666666671,-7.216449660063518e-16,0.16666666666666674,0.1666666666666668,0.166666666666667,-0.33333333333333287,-0.33333333333333337
418,7.527777777777781,0.8333333333333333,2.55351295663786e-15,1.0833333333333368,-0.6666666666666669,0.5000000000000009,0.5000000000000024,0.8333333333333359,0.9999999999999971,-0.16666666666666974,-1.333333333333335,-0.8333333333333343,-2.583333333333334
421,8.88888888888889,0.16666666666666666,2.4424906541753444e-15,1.1666666666666696,-0.5000000000000014,0.6666666666666652,0.6666666666666716,2.0000000000000053,-1.6666666666666725,-0.16666666666667207,-1.3333333333333313,1.5163312000711538e-15,-1.7500000000000016
423,9.027777777777777,0.9999999999999994,0.33333333333333515,1.0833333333333373,4.440892098500626e-16,0.8333333333333346,0.33333333333333737,1.0000000000000049,-1.5000000000000053,-0.16666666666667052,-1.0000000000000009,0.8333333333333327,-1.750000000000002
426,5.0555555555555545,0.5000000000000004,2.666666666666668,0.6666666666666649,-0.16666666666666352,-0.16666666666666496,3.503261573367244e-16,-0.8333333333333324,0.9999999999999994,0.6666666666666682,0.16666666666666774,1.0,-1.7500000000000009
427,8.38888888888889,-0.8333333333333343,0.5000000000000014,0.16666666666666696,-0.16666666666666607,0.33333333333333415,-0.16666666666666485,-0.6666666666666656,0.666666666666665,0.9999999999999993,0.5000000000000029,-0.3333333333333316,-1.8333333333333346
428,4.111111111111113,0.6666666666666645,-0.3333333333333349,1.3333333333333364,-1.6666666666666672,-1.1102230246251565e-16,2.16666666666667,2.166666666666673,-1.3333333333333386,-0.8333333333333395,-1.000000000000001,-0.16666666666666666,-0.2500000000000011
430,-1.2500000000000022,2.3333333333333313,2.6666666666666647,4.750000000000001,-0.49999999999999534,-1.4999999999999978,2.4999999999999964,0.499999999999999,4.163336342344337e-15,3.469446951953614e-15,0.9999999999999999,1.4999999999999976,-0.6666666666666676
432,9.777777777777779,1.1666666666666674,0.16666666666667052,1.333333333333337,9.992007221626409e-16,-0.16666666666666607,-3.885780586188048e-16,0.3333333333333329,-0.16666666666666785,0.0,0.16666666666666652,0.6666666666666667,-2.7500000000000013
437,-0.5000000000000009,0.1666666666666669,1.3333333333333333,1.9999999999999987,0.6666666666666694,-0.1666666666666648,0.6666666666666642,-0.16666666666666788,-0.499999999999997,-0.9999999999999972,0.33333333333333237,1.1666666666666647,-0.08333333333333375
442,10.361111111111114,0.8333333333333319,-2.220446049250313e-16,0.08333333333333837,-1.1666666666666696,0.4999999999999969,-0.499999999999994,0.833333333333339,-1.8333333333333415,0.16666666666665964,-0.4999999999999991,-0.16666666666666463,-1.2500000000000018
443,3.1944444444444455,-0.5000000000000003,-0.16666666666666652,5.083333333333334,-0.49999999999999867,-0.16666666666666596,-0.16666666666666569,7.771561172376096e-16,-0.16666666666666796,0.4999999999999989,-0.33333333333333204,0.1666666666666671,-0.416666666666668
444,3.777777777777775,1.16666666666666,3.166666666666662,4.833333333333334,-2.8333333333333326,2.166666666666668,2.3333333333333472,1.0000000000000133,-1.0000000000000115,0.3333333333333237,2.833333333333342,1.0000000000000064,-2.2500000000000013
445,6.1111111111111125,2.499999999999997,1.3333333333333317,3.8333333333333406,-1.9999999999999993,-0.16666666666666818,0.3333333333333381,0.5000000000000052,-2.166666666666673,-1.0000000000000075,-2.333333333333333,-1.3333333333333326,-0.4166666666666687
446,2.75,1.0000000000000002,0.500000000000002,1.7500000000000016,-0.666666666666668,1.1666666666666665,1.666666666666672,2.833333333333339,0.8333333333333288,0.1666666666666614,-0.6666666666666673,0.16666666666666716,-1.9166666666666674
451,4.444444444444444,0.1666666666666611,-0.8333333333333353,3.8333333333333366,3.6914915568786455e-15,2.8333333333333393,2.1666666666666767,0.1666666666666772,-0.16666666666667374,0.4999999999999925,0.6666666666666671,1.6666666666666654,-2.333333333333335
453,1.194444444444443,0.1666666666666674,2.1666666666666683,4.083333333333331,1.3333333333333375,2.5000000000000044,0.8333333333333389,1.0000000000000058,0.999999999999997,-0.1666666666666699,-2.333333333333336,1.166666666666664,-1.0833333333333353
455,0.4722222222222215,0.49999999999999867,0.16666666666666616,4.416666666666669,1.4710455076283324e-15,-0.333333333333333,0.6666666666666654,-1.0269562977782698e-15,-0.3333333333333319,0.5000000000000013,0.8333333333333351,0.33333333333333354,-0.16666666666666763
456,9.166666666666668,-0.16666666666666563,0.6666666666666712,0.5000000000000013,0.666666666666667,1.3333333333333337,0.16666666666666952,0.8333333333333353,0.8333333333333315,0.6666666666666665,1.000000000000001,1.0000000000000013,-2.6666666666666683
458,10.638888888888891,0.1666666666666647,-0.4999999999999982,3.4166666666666705,-1.4999999999999991,-0.8333333333333326,0.16666666666666835,1.5543122344752192e-15,-0.5000000000000023,0.16666666666666496,-0.49999999999999845,-0.3333333333333327,-2.5833333333333353
462,2.444444444444443,1.3333333333333317,0.9999999999999996,1.3333333333333357,-0.16666666666666807,1.9999999999999993,1.0000000000000095,2.3333333333333424,0.49999999999999145,3.3333333333333255,-0.8333333333333302,0.16666666666666996,-0.833333333333335
463,3.833333333333332,3.166666666666666,3.333333333333333,-0.4999999999999972,-1.9999999999999998,-0.5000000000000002,4.6351811278100286e-15,0.5000000000000053,-0.16666666666667326,0.6666666666666615,-0.8333333333333319,0.33333333333333537,-0.5833333333333345
467,0.7222222222222219,1.3877787807814457e-16,0.666666666666667,5.166666666666666,1.970645868709653e-15,0.16666666666666746,-0.333333333333333,-0.5,-0.3333333333333331,-0.4999999999999998,0.3333333333333337,0.8333333333333331,-1.0130785099704553e-15
468,1.8333333333333321,0.49999999999999806,0.9999999999999982,2.0000000000000004,-2.333333333333335,-0.666666666666669,1.8333333333333384,2.1666666666666723,-0.16666666666667124,1.666666666666663,1.500000000000005,0.5000000000000044,-0.5000000000000009
469,6.722222222222219,7.166666666666667,8.000000000000002,0.6666666666666735,-0.5,-0.8333333333333368,0.666666666666666,1.4999999999999991,-2.000000000000002,-0.33333333333333437,-2.4999999999999964,-2.3333333333333295,-2.4166666666666683
470,7.583333333333334,3.166666666666668,4.333333333333336,-1.2499999999999964,-0.6666666666666672,-1.3333333333333361,-0.3333333333333369,-0.16666666666667118,0.3333333333333345,0.16666666666667007,-0.6666666666666641,-2.333333333333331,-2.166666666666668
474,6.083333333333333,0.49999999999999833,0.5,1.2500000000000018,-1.666666666666667,0.6666666666666672,1.8333333333333408,2.1666666666666754,-0.6666666666666743,0.6666666666666596,-0.16666666666666385,0.6666666666666693,-1.7500000000000009
477,8.555555555555557,1.0,0.16666666666666985,0.16666666666666963,-0.8333333333333329,-0.4999999999999991,1.1666666666666679,1.5000000000000022,0.49999999999999767,0.6666666666666651,-0.6666666666666672,0.3333333333333327,-2.5833333333333344
479,4.555555555555555,-1.166666666666668,-0.6666666666666672,0.6666666666666669,-0.9999999999999983,-0.8333333333333319,2.3333333333333326,0.8333333333333353,-0.16666666666666674,0.3333333333333345,0.6666666666666687,0.5000000000000004,-0.2500000000000011
481,2.9999999999999996,1.333333333333332,1.1666666666666672,2.500000000000003,-0.16666666666666524,1.1666666666666683,1.5000000000000029,0.5000000000000027,0.16666666666666405,-0.66666666666667,-1.0,-1.0000000000000007,-1.4166666666666674
484,4.888888888888888,-0.16666666666666738,-0.6666666666666667,0.16666666666666852,-1.1666666666666694,0.8333333333333315,0.6666666666666752,2.500000000000009,-1.0000000000000084,1.6666666666666594,-0.833333333333331,0.5000000000000034,-0.5833333333333344
485,1.444444444444443,0.33333333333333237,0.9999999999999998,4.333333333333335,-0.5,1.3333333333333335,1.0000000000000064,1.3333333333333388,-0.5000000000000048,0.3333333333333284,2.6645352591003757e-15,0.33333333333333554,-0.5000000000000013
486,1.4444444444444429,1.666666666666665,1.6666666666666672,3.8333333333333353,0.3333333333333367,1.000000000000003,2.8333333333333353,1.5000000000000036,0.33333333333333276,-0.5000000000000016,-0.666666666666668,0.4999999999999977,-1.5833333333333344
488,5.5555555555555545,1.333333333333333,1.3333333333333346,0.1666666666666703,-0.5000000000000021,1.166666666666665,2.000000000000006,3.166666666666673,-1.5000000000000067,0.1666666666666612,-0.9999999999999978,-0.33333333333333043,-1.0000000000000016
489,1.7499999999999991,1.833333333333333,1.6666666666666676,3.2500000000000027,0.16666666666666874,0.8333333333333354,0.6666666666666683,0.3333333333333356,0.1666666666666652,-0.6666666666666687,-0.33333333333333504,0.8333333333333318,-1.0000000000000013
491,-0.7777777777777792,2.499999999999999,2.166666666666666,3.1666666666666683,-1.1666666666666639,-1.1666666666666654,0.6666666666666656,1.1102230246251565e-16,0.6666666666666672,1.1102230246251565e-16,0.49999999999999933,1.1666666666666652,-0.2500000000000009
492,8.277777777777777,1.666666666666666,3.666666666666666,-0.16666666666666707,-0.8333333333333315,-1.3333333333333337,-0.4999999999999957,0.8333333333333394,-2.166666666666672,2.499999999999998,-1.9999999999999962,1.333333333333337,-2.083333333333335
493,6.833333333333333,3.4999999999999987,2.0000000000000013,2.000000000000006,-1.9999999999999982,-0.4999999999999991,2.000000000000003,1.5000000000000049,-0.16666666666667274,-0.33333333333333826,-1.8333333333333341,-0.1666666666666675,-2.2500000000000013
495,4.583333333333332,1.333333333333334,1.1666666666666679,0.2500000000000022,-1.5000000000000013,-4.440892098500626e-16,0.3333333333333393,1.6666666666666725,-0.33333333333334025,1.3333333333333275,-1.1666666666666645,0.1666666666666694,-0.2500000000000014
498,3.583333333333334,0.33333333333333126,-0.3333333333333348,0.25000000000000167,-2.166666666666668,0.1666666666666663,0.33333333333334025,0.6666666666666735,0.33333333333332615,1.16666666666666,0.33333333333333504,0.1666666666666692,-0.7500000000000006
499,3.9999999999999982,2.4999999999999982,2.999999999999999,1.5000000000000036,-2.0000000000000027,0.49999999999999645,1.6666666666666747,2.8333333333333415,-1.8333333333333424,0.3333333333333257,-0.1666666666666614,-0.33333333333332804,-0.7500000000000017
