ORI1,ORI2,ORI3,ENV1,ENV2,CLA1,CLA2,CLA3,EXC1,EXC2,EXC3,NEW1,NEW2,INF1,INF2,INF3,PRICE
0.8642827528754075,0.5844320066067141,0.4140339966564575,0.9615360696643757,0.9012126865797924,1.027218076293663,0.8816956882339572,-0.0461650082834523,0.27224295191555326,0.5209991708210246,1.0695066335075918,0.33653606966437594,1.5262126865798011,0.14288971808470688,0.9886608623633192,0.7311981757961435,-7.72388059711826e-06
0.3650497512437817,0.0,0.0,0.060323383084571275,0.0,0.6094527363184061,0.0,0.0,-0.5230099502487504,0.0,0.0,-1.1896766169154072,0.0,-0.7170398009950548,0.0,0.0,-7.723880597018599e-06
0.36504975124378136,0.0,0.0,0.060323383084572926,0.0,0.6094527363184069,0.0,0.0,-0.523009950248751,0.0,0.0,-1.1896766169154072,0.0,0.0,0.5516169154228444,0.0,-7.723880596979642e-06
0.3650497512437793,0.0,0.0,0.06032338308457405,0.0,0.6094527363184084,0.0,0.0,-0.5230099502487507,0.0,0.0,-1.189676616915407,0.0,0.0,0.0,0.16542288557214177,-7.723880596993876e-06
0.3650497512437828,0.0,0.0,0.06032338308457423,0.0,0.6094527363184059,0.0,0.0,-0.5230099502487519,0.0,0.0,0.0,1.18967661691541,-0.7170398009950537,0.0,0.0,-7.723880597074322e-06
0.3650497512437823,0.0,0.0,0.06032338308457272,0.0,0.6094527363184062,0.0,0.0,-0.5230099502487526,0.0,0.0,0.0,1.1896766169154094,0.0,0.5516169154228547,0.0,-7.723880597148959e-06
0.3650497512437795,0.0,0.0,0.06032338308457422,0.0,0.6094527363184055,0.0,0.0,-0.5230099502487523,0.0,0.0,0.0,1.1896766169154118,0.0,0.0,0.16542288557214105,-7.723880597088696e-06
0.36504975124378186,0.0,0.0,0.06032338308457305,0.0,0.6094527363184052,0.0,0.0,0.0,-0.1498756218905496,0.0,-1.189676616915405,0.0,-0.717039800995039,0.0,0.0,-7.723880596962986e-06
0.36504975124378125,0.0,0.0,0.06032338308457172,0.0,0.6094527363184032,0.0,0.0,0.0,-0.14987562189054776,0.0,-1.189676616915404,0.0,0.0,0.5516169154228656,0.0,-7.723880596980462e-06
0.3650497512437807,0.0,0.0,0.060323383084573357,0.0,0.6094527363184055,0.0,0.0,0.0,-0.14987562189054873,0.0,-1.189676616915408,0.0,0.0,0.0,0.16542288557214255,-7.723880596932708e-06
0.36504975124378214,0.0,0.0,0.06032338308457452,0.0,0.6094527363184072,0.0,0.0,0.0,-0.14987562189054773,0.0,0.0,1.1896766169154074,-0.7170398009950473,0.0,0.0,-7.723880597034904e-06
0.3650497512437816,0.0,0.0,0.060323383084573384,0.0,0.6094527363184074,0.0,0.0,0.0,-0.14987562189054662,0.0,0.0,1.1896766169154056,0.0,0.5516169154228634,0.0,-7.723880597089396e-06
0.36504975124377814,0.0,0.0,0.060323383084573884,0.0,0.609452736318408,0.0,0.0,0.0,-0.14987562189054493,0.0,0.0,1.1896766169154074,0.0,0.0,0.16542288557213775,-7.723880597099011e-06
0.3650497512437827,0.0,0.0,0.06032338308457538,0.0,0.6094527363184072,0.0,0.0,0.0,0.0,0.6728855721393139,-1.18967661691541,0.0,-0.7170398009950428,0.0,0.0,-7.723880597011428e-06
0.365049751243783,0.0,0.0,0.06032338308457519,0.0,0.6094527363184079,0.0,0.0,0.0,0.0,0.6728855721393117,-1.189676616915415,0.0,0.0,0.551616915422846,0.0,-7.72388059703918e-06
0.3650497512437796,0.0,0.0,0.06032338308457601,0.0,0.609452736318409,0.0,0.0,0.0,0.0,0.6728855721393123,-1.189676616915408,0.0,0.0,0.0,0.16542288557213697,-7.723880596995509e-06
0.36504975124378297,0.0,0.0,0.06032338308457347,0.0,0.6094527363184086,0.0,0.0,0.0,0.0,0.6728855721393139,0.0,1.1896766169154163,-0.7170398009950216,0.0,0.0,-7.723880597204048e-06
0.3650497512437826,0.0,0.0,0.060323383084574106,0.0,0.6094527363184068,0.0,0.0,0.0,0.0,0.6728855721393099,0.0,1.1896766169154178,0.0,0.5516169154228434,0.0,-7.723880597140074e-06
0.3650497512437804,0.0,0.0,0.06032338308457118,0.0,0.6094527363184074,0.0,0.0,0.0,0.0,0.6728855721393114,0.0,1.189676616915412,0.0,0.0,0.1654228855721403,-7.723880597136084e-06
0.36504975124378103,0.0,0.0,0.060323383084572024,0.0,0.0,0.39116915422885523,0.0,-0.5230099502487456,0.0,0.0,-1.1896766169154065,0.0,-0.7170398009950494,0.0,0.0,-7.723880597041038e-06
0.3650497512437811,0.0,0.0,0.06032338308457191,0.0,0.0,0.3911691542288548,0.0,-0.5230099502487441,0.0,0.0,-1.189676616915407,0.0,0.0,0.5516169154228844,0.0,-7.723880596995803e-06
0.36504975124377903,0.0,0.0,0.06032338308457348,0.0,0.0,0.39116915422885645,0.0,-0.5230099502487435,0.0,0.0,-1.1896766169154058,0.0,0.0,0.0,0.16542288557214316,-7.723880596951285e-06
0.36504975124378336,0.0,0.0,0.06032338308457513,0.0,0.0,0.39116915422885495,0.0,-0.5230099502487455,0.0,0.0,0.0,1.1896766169154078,-0.7170398009950467,0.0,0.0,-7.723880597054262e-06
0.3650497512437813,0.0,0.0,0.06032338308457155,0.0,0.0,0.39116915422885606,0.0,-0.5230099502487463,0.0,0.0,0.0,1.1896766169154074,0.0,0.5516169154228846,0.0,-7.723880597166616e-06
0.3650497512437786,0.0,0.0,0.0603233830845747,0.0,0.0,0.39116915422885834,0.0,-0.523009950248746,0.0,0.0,0.0,1.1896766169154085,0.0,0.0,0.16542288557213836,-7.723880597081964e-06
0.36504975124378064,0.0,0.0,0.06032338308457272,0.0,0.0,0.3911691542288579,0.0,0.0,-0.14987562189054587,0.0,-1.1896766169154045,0.0,-0.7170398009950332,0.0,0.0,-7.723880597014145e-06
0.3650497512437818,0.0,0.0,0.06032338308457269,0.0,0.0,0.391169154228857,0.0,0.0,-0.14987562189054676,0.0,-1.1896766169154054,0.0,0.0,0.5516169154228642,0.0,-7.723880596989093e-06
0.3650497512437818,0.0,0.0,0.06032338308457243,0.0,0.0,0.39116915422885923,0.0,0.0,-0.1498756218905475,0.0,-1.1896766169154094,0.0,0.0,0.0,0.1654228855721374,-7.723880596884886e-06
0.36504975124378225,0.0,0.0,0.06032338308457241,0.0,0.0,0.3911691542288569,0.0,0.0,-0.14987562189054657,0.0,0.0,1.1896766169154098,-0.7170398009950338,0.0,0.0,-7.723880597040015e-06
0.36504975124378136,0.0,0.0,0.060323383084573245,0.0,0.0,0.39116915422885523,0.0,0.0,-0.14987562189054718,0.0,0.0,1.1896766169154067,0.0,0.5516169154228653,0.0,-7.723880597055265e-06
0.36504975124377764,0.0,0.0,0.06032338308457391,0.0,0.0,0.3911691542288586,0.0,0.0,-0.14987562189054665,0.0,0.0,1.1896766169154116,0.0,0.0,0.16542288557213922,-7.723880597077286e-06
0.36504975124378214,0.0,0.0,0.060323383084572677,0.0,0.0,0.39116915422885495,0.0,0.0,0.0,0.6728855721393119,-1.1896766169154054,0.0,-0.7170398009950196,0.0,0.0,-7.72388059701378e-06
0.36504975124378136,0.0,0.0,0.0603233830845733,0.0,0.0,0.39116915422885534,0.0,0.0,0.0,0.6728855721393109,-1.1896766169154065,0.0,0.0,0.5516169154228447,0.0,-7.723880597007144e-06
0.3650497512437787,0.0,0.0,0.06032338308457255,0.0,0.0,0.3911691542288541,0.0,0.0,0.0,0.67288557213931,-1.1896766169154087,0.0,0.0,0.0,0.16542288557214263,-7.723880596873385e-06
0.36504975124378203,0.0,0.0,0.060323383084571844,0.0,0.0,0.39116915422885645,0.0,0.0,0.0,0.6728855721393125,0.0,1.1896766169154063,-0.7170398009950186,0.0,0.0,-7.723880597113021e-06
0.36504975124378186,0.0,0.0,0.06032338308457398,0.0,0.0,0.3911691542288571,0.0,0.0,0.0,0.6728855721393098,0.0,1.1896766169154114,0.0,0.551616915422843,0.0,-7.723880597125925e-06
0.36504975124378036,0.0,0.0,0.060323383084573357,0.0,0.0,0.39116915422885834,0.0,0.0,0.0,0.6728855721393112,0.0,1.1896766169154094,0.0,0.0,0.1654228855721367,-7.723880597188813e-06
0.3650497512437843,0.0,0.0,0.060323383084574606,0.0,0.0,0.0,-1.0006218905472681,-0.52300995024874,0.0,0.0,-1.1896766169154076,0.0,-0.7170398009950545,0.0,0.0,-7.723880597049553e-06
0.3650497512437797,0.0,0.0,0.06032338308457379,0.0,0.0,0.0,-1.000621890547267,-0.523009950248739,0.0,0.0,-1.1896766169154094,0.0,0.0,0.5516169154228515,0.0,-7.723880597035377e-06
0.3650497512437828,0.0,0.0,0.06032338308457305,0.0,0.0,0.0,-1.0006218905472664,-0.523009950248741,0.0,0.0,-1.1896766169154063,0.0,0.0,0.0,0.1654228855721402,-7.723880597019398e-06
0.3650497512437821,0.0,0.0,0.06032338308457291,0.0,0.0,0.0,-1.000621890547266,-0.5230099502487399,0.0,0.0,0.0,1.1896766169154105,-0.717039800995054,0.0,0.0,-7.723880597155112e-06
0.3650497512437848,0.0,0.0,0.06032338308457587,0.0,0.0,0.0,-1.0006218905472664,-0.5230099502487393,0.0,0.0,0.0,1.1896766169154143,0.0,0.5516169154228502,0.0,-7.723880597058814e-06
0.36504975124378347,0.0,0.0,0.06032338308457669,0.0,0.0,0.0,-1.0006218905472664,-0.5230099502487404,0.0,0.0,0.0,1.189676616915408,0.0,0.0,0.16542288557213786,-7.723880597067791e-06
0.3650497512437818,0.0,0.0,0.06032338308457448,0.0,0.0,0.0,-1.0006218905472664,0.0,-0.14987562189055048,0.0,-1.189676616915405,0.0,-0.7170398009950407,0.0,0.0,-7.723880597040437e-06
0.36504975124378064,0.0,0.0,0.0603233830845719,0.0,0.0,0.0,-1.0006218905472686,0.0,-0.1498756218905481,0.0,-1.1896766169154083,0.0,0.0,0.5516169154228424,0.0,-7.72388059702458e-06
0.36504975124378475,0.0,0.0,0.0603233830845747,0.0,0.0,0.0,-1.0006218905472668,0.0,-0.14987562189054882,0.0,-1.1896766169154085,0.0,0.0,0.0,0.165422885572141,-7.72388059699716e-06
0.3650497512437827,0.0,0.0,0.060323383084572635,0.0,0.0,0.0,-1.0006218905472672,0.0,-0.14987562189054748,0.0,0.0,1.189676616915407,-0.7170398009950315,0.0,0.0,-7.72388059705845e-06
0.36504975124378464,0.0,0.0,0.06032338308457433,0.0,0.0,0.0,-1.0006218905472657,0.0,-0.14987562189054648,0.0,0.0,1.1896766169154056,0.0,0.551616915422843,0.0,-7.723880597057872e-06
0.36504975124377903,0.0,0.0,0.06032338308457756,0.0,0.0,0.0,-1.0006218905472655,0.0,-0.149875621890549,0.0,0.0,1.1896766169154072,0.0,0.0,0.1654228855721398,-7.72388059715375e-06
0.36504975124378525,0.0,0.0,0.06032338308457422,0.0,0.0,0.0,-1.000621890547268,0.0,0.0,0.6728855721393073,-1.1896766169154032,0.0,-0.7170398009950472,0.0,0.0,-7.723880596944153e-06
0.36504975124378136,0.0,0.0,0.06032338308457505,0.0,0.0,0.0,-1.0006218905472657,0.0,0.0,0.6728855721393134,-1.189676616915406,0.0,0.0,0.5516169154228647,0.0,-7.723880597007266e-06
0.3650497512437808,0.0,0.0,0.06032338308457541,0.0,0.0,0.0,-1.0006218905472664,0.0,0.0,0.6728855721393117,-1.1896766169154054,0.0,0.0,0.0,0.16542288557213986,-7.723880597009425e-06
0.3650497512437828,0.0,0.0,0.060323383084574245,0.0,0.0,0.0,-1.0006218905472668,0.0,0.0,0.6728855721393104,0.0,1.1896766169154085,-0.717039800995039,0.0,0.0,-7.723880597173614e-06
0.3650497512437833,0.0,0.0,0.06032338308457552,0.0,0.0,0.0,-1.0006218905472657,0.0,0.0,0.6728855721393145,0.0,1.1896766169154085,0.0,0.5516169154228673,0.0,-7.723880597123773e-06
0.3650497512437836,0.0,0.0,0.0603233830845791,0.0,0.0,0.0,-1.0006218905472666,0.0,0.0,0.6728855721393114,0.0,1.1896766169154078,0.0,0.0,0.1654228855721373,-7.723880597061753e-06
0.3650497512437804,0.0,0.0,0.0,-0.06032338308456574,0.6094527363184079,0.0,0.0,-0.5230099502487453,0.0,0.0,-1.1896766169154092,0.0,-0.7170398009950474,0.0,0.0,-7.723880597056873e-06
0.36504975124378203,0.0,0.0,0.0,-0.060323383084565405,0.6094527363184069,0.0,0.0,-0.5230099502487471,0.0,0.0,-1.1896766169154058,0.0,0.0,0.5516169154228442,0.0,-7.723880597177307e-06
0.36504975124377975,0.0,0.0,0.0,-0.06032338308456514,0.6094527363184079,0.0,0.0,-0.5230099502487474,0.0,0.0,-1.189676616915405,0.0,0.0,0.0,0.1654228855721403,-7.72388059706558e-06
0.36504975124378025,0.0,0.0,0.0,-0.060323383084567306,0.6094527363184066,0.0,0.0,-0.5230099502487454,0.0,0.0,0.0,1.1896766169154085,-0.7170398009950505,0.0,0.0,-7.723880597091178e-06
0.36504975124378386,0.0,0.0,0.0,-0.06032338308456664,0.6094527363184072,0.0,0.0,-0.5230099502487453,0.0,0.0,0.0,1.1896766169154067,0.0,0.5516169154228436,0.0,-7.723880597085755e-06
0.36504975124377903,0.0,0.0,0.0,-0.06032338308456722,0.609452736318407,0.0,0.0,-0.5230099502487456,0.0,0.0,0.0,1.1896766169154152,0.0,0.0,0.1654228855721392,-7.723880597030623e-06
0.36504975124378286,0.0,0.0,0.0,-0.060323383084567486,0.6094527363184068,0.0,0.0,0.0,-0.1498756218905491,0.0,-1.1896766169154056,0.0,-0.7170398009950495,0.0,0.0,-7.723880597123294e-06
0.36504975124378186,0.0,0.0,0.0,-0.060323383084564,0.6094527363184071,0.0,0.0,0.0,-0.14987562189054718,0.0,-1.1896766169154072,0.0,0.0,0.5516169154228554,0.0,-7.723880597134427e-06
0.365049751243782,0.0,0.0,0.0,-0.06032338308456492,0.6094527363184056,0.0,0.0,0.0,-0.14987562189054582,0.0,-1.1896766169154107,0.0,0.0,0.0,0.16542288557214174,-7.723880597150692e-06
0.3650497512437815,0.0,0.0,0.0,-0.06032338308456467,0.609452736318409,0.0,0.0,0.0,-0.14987562189055043,0.0,0.0,1.189676616915405,-0.7170398009950472,0.0,0.0,-7.723880597106067e-06
0.3650497512437831,0.0,0.0,0.0,-0.06032338308456553,0.6094527363184067,0.0,0.0,0.0,-0.14987562189054776,0.0,0.0,1.189676616915406,0.0,0.5516169154228543,0.0,-7.723880597023015e-06
0.3650497512437787,0.0,0.0,0.0,-0.06032338308456539,0.609452736318407,0.0,0.0,0.0,-0.14987562189054796,0.0,0.0,1.1896766169154065,0.0,0.0,0.16542288557213786,-7.72388059704028e-06
0.3650497512437821,0.0,0.0,0.0,-0.06032338308456747,0.6094527363184095,0.0,0.0,0.0,0.0,0.6728855721393119,-1.189676616915429,0.0,-0.717039800995027,0.0,0.0,-7.723880597183011e-06
0.3650497512437851,0.0,0.0,0.0,-0.060323383084565044,0.6094527363184081,0.0,0.0,0.0,0.0,0.672885572139311,-1.1896766169154263,0.0,0.0,0.5516169154228405,0.0,-7.723880597110836e-06
0.36504975124377914,0.0,0.0,0.0,-0.06032338308456647,0.60945273631841,0.0,0.0,0.0,0.0,0.6728855721393124,-1.189676616915425,0.0,0.0,0.0,0.16542288557214174,-7.723880597003972e-06
0.36504975124378153,0.0,0.0,0.0,-0.06032338308456606,0.6094527363184089,0.0,0.0,0.0,0.0,0.6728855721393096,0.0,1.1896766169154183,-0.7170398009950274,0.0,0.0,-7.723880597018197e-06
0.3650497512437817,0.0,0.0,0.0,-0.060323383084567445,0.6094527363184081,0.0,0.0,0.0,0.0,0.6728855721393081,0.0,1.189676616915416,0.0,0.5516169154228417,0.0,-7.723880597070901e-06
0.36504975124378003,0.0,0.0,0.0,-0.06032338308456445,0.6094527363184071,0.0,0.0,0.0,0.0,0.6728855721393081,0.0,1.189676616915416,0.0,0.0,0.16542288557214072,-7.723880597022282e-06
0.3650497512437817,0.0,0.0,0.0,-0.06032338308456539,0.0,0.39116915422885423,0.0,-0.5230099502487469,0.0,0.0,-1.1896766169154036,0.0,-0.7170398009950525,0.0,0.0,-7.723880597072169e-06
0.36504975124378003,0.0,0.0,0.0,-0.060323383084568,0.0,0.39116915422885373,0.0,-0.5230099502487487,0.0,0.0,-1.1896766169154085,0.0,0.0,0.5516169154228836,0.0,-7.723880597056222e-06
0.36504975124378236,0.0,0.0,0.0,-0.06032338308456647,0.0,0.39116915422885296,0.0,-0.5230099502487489,0.0,0.0,-1.1896766169154092,0.0,0.0,0.0,0.1654228855721394,-7.7238805971369e-06
0.36504975124378164,0.0,0.0,0.0,-0.060323383084563004,0.0,0.391169154228854,0.0,-0.523009950248748,0.0,0.0,0.0,1.189676616915408,-0.7170398009950532,0.0,0.0,-7.723880597024723e-06
0.3650497512437809,0.0,0.0,0.0,-0.060323383084566584,0.0,0.39116915422885384,0.0,-0.5230099502487502,0.0,0.0,0.0,1.1896766169154096,0.0,0.5516169154228858,0.0,-7.723880597025038e-06
0.36504975124377703,0.0,0.0,0.0,-0.060323383084564114,0.0,0.39116915422885357,0.0,-0.5230099502487464,0.0,0.0,0.0,1.1896766169154114,0.0,0.0,0.16542288557213658,-7.72388059703579e-06
0.36504975124378075,0.0,0.0,0.0,-0.060323383084567084,0.0,0.3911691542288548,0.0,0.0,-0.14987562189054898,0.0,-1.1896766169154045,0.0,-0.7170398009950562,0.0,0.0,-7.723880597062678e-06
0.36504975124378125,0.0,0.0,0.0,-0.06032338308456697,0.0,0.3911691542288541,0.0,0.0,-0.14987562189054734,0.0,-1.1896766169154054,0.0,0.0,0.551616915422851,0.0,-7.723880597099795e-06
0.36504975124378153,0.0,0.0,0.0,-0.0603233830845631,0.0,0.391169154228855,0.0,0.0,-0.14987562189054607,0.0,-1.1896766169154074,0.0,0.0,0.0,0.16542288557214058,-7.72388059708525e-06
0.3650497512437808,0.0,0.0,0.0,-0.06032338308456717,0.0,0.39116915422885434,0.0,0.0,-0.14987562189055048,0.0,0.0,1.189676616915408,-0.7170398009950558,0.0,0.0,-7.72388059703002e-06
0.3650497512437824,0.0,0.0,0.0,-0.060323383084565696,0.0,0.3911691542288547,0.0,0.0,-0.14987562189054765,0.0,0.0,1.1896766169154072,0.0,0.5516169154228665,0.0,-7.723880597025168e-06
0.3650497512437799,0.0,0.0,0.0,-0.06032338308456901,0.0,0.39116915422885473,0.0,0.0,-0.14987562189054876,0.0,0.0,1.1896766169154067,0.0,0.0,0.1654228855721388,-7.723880596986493e-06
0.3650497512437815,0.0,0.0,0.0,-0.06032338308456564,0.0,0.3911691542288518,0.0,0.0,0.0,0.6728855721393096,-1.189676616915404,0.0,-0.7170398009950191,0.0,0.0,-7.723880597002827e-06
0.3650497512437791,0.0,0.0,0.0,-0.0603233830845656,0.0,0.39116915422885196,0.0,0.0,0.0,0.6728855721393068,-1.1896766169154098,0.0,0.0,0.5516169154228412,0.0,-7.723880597128008e-06
0.36504975124377936,0.0,0.0,0.0,-0.06032338308456671,0.0,0.39116915422885384,0.0,0.0,0.0,0.6728855721393087,-1.1896766169154107,0.0,0.0,0.0,0.1654228855721396,-7.723880597084388e-06
0.36504975124378175,0.0,0.0,0.0,-0.06032338308456453,0.0,0.3911691542288529,0.0,0.0,0.0,0.672885572139311,0.0,1.1896766169154076,-0.7170398009950191,0.0,0.0,-7.723880597028218e-06
0.365049751243782,0.0,0.0,0.0,-0.06032338308456586,0.0,0.39116915422885384,0.0,0.0,0.0,0.6728855721393113,0.0,1.1896766169154098,0.0,0.5516169154228401,0.0,-7.723880596947702e-06
0.36504975124377836,0.0,0.0,0.0,-0.06032338308456209,0.0,0.39116915422885457,0.0,0.0,0.0,0.6728855721393088,0.0,1.1896766169154094,0.0,0.0,0.16542288557214094,-7.72388059702079e-06
0.3650497512437837,0.0,0.0,0.0,-0.06032338308456549,0.0,0.0,-1.0006218905472672,-0.5230099502487459,0.0,0.0,-1.1896766169154058,0.0,-0.7170398009950548,0.0,0.0,-7.723880596967226e-06
0.36504975124378314,0.0,0.0,0.0,-0.06032338308456417,0.0,0.0,-1.0006218905472652,-0.5230099502487455,0.0,0.0,-1.1896766169154134,0.0,0.0,0.5516169154228525,0.0,-7.723880597002829e-06
0.3650497512437833,0.0,0.0,0.0,-0.06032338308456427,0.0,0.0,-1.0006218905472641,-0.5230099502487465,0.0,0.0,-1.1896766169154078,0.0,0.0,0.0,0.16542288557214024,-7.72388059714156e-06
0.36504975124378386,0.0,0.0,0.0,-0.060323383084564614,0.0,0.0,-1.0006218905472695,-0.523009950248749,0.0,0.0,0.0,1.189676616915409,-0.7170398009950576,0.0,0.0,-7.723880596905833e-06
0.36504975124378397,0.0,0.0,0.0,-0.06032338308456703,0.0,0.0,-1.0006218905472664,-0.5230099502487453,0.0,0.0,0.0,1.1896766169154085,0.0,0.5516169154228463,0.0,-7.723880597091366e-06
0.36504975124378153,0.0,0.0,0.0,-0.06032338308456292,0.0,0.0,-1.0006218905472655,-0.5230099502487466,0.0,0.0,0.0,1.189676616915413,0.0,0.0,0.16542288557213866,-7.723880597116092e-06
0.3650497512437836,0.0,0.0,0.0,-0.06032338308456536,0.0,0.0,-1.0006218905472664,0.0,-0.1498756218905484,0.0,-1.1896766169154045,0.0,-0.7170398009950386,0.0,0.0,-7.723880597050144e-06
0.36504975124378336,0.0,0.0,0.0,-0.06032338308456592,0.0,0.0,-1.0006218905472692,0.0,-0.14987562189054965,0.0,-1.1896766169154076,0.0,0.0,0.5516169154228401,0.0,-7.723880597140221e-06
0.3650497512437831,0.0,0.0,0.0,-0.060323383084561394,0.0,0.0,-1.0006218905472657,0.0,-0.14987562189054704,0.0,-1.1896766169154018,0.0,0.0,0.0,0.1654228855721405,-7.723880597059636e-06
0.3650497512437853,0.0,0.0,0.0,-0.06032338308456711,0.0,0.0,-1.0006218905472661,0.0,-0.14987562189054793,0.0,0.0,1.189676616915409,-0.717039800995028,0.0,0.0,-7.723880596989517e-06
0.36504975124378447,0.0,0.0,0.0,-0.06032338308456453,0.0,0.0,-1.0006218905472657,0.0,-0.14987562189054854,0.0,0.0,1.1896766169154094,0.0,0.5516169154228414,0.0,-7.723880597063046e-06
0.36504975124378125,0.0,0.0,0.0,-0.06032338308456661,0.0,0.0,-1.000621890547265,0.0,-0.14987562189054593,0.0,0.0,1.1896766169154134,0.0,0.0,0.1654228855721382,-7.723880597073129e-06
0.36504975124378375,0.0,0.0,0.0,-0.06032338308456392,0.0,0.0,-1.0006218905472677,0.0,0.0,0.6728855721393097,-1.1896766169154063,0.0,-0.7170398009950457,0.0,0.0,-7.723880597098596e-06
0.3650497512437825,0.0,0.0,0.0,-0.060323383084568,0.0,0.0,-1.0006218905472661,0.0,0.0,0.6728855721393149,-1.189676616915405,0.0,0.0,0.5516169154228656,0.0,-7.723880597055999e-06
0.3650497512437816,0.0,0.0,0.0,-0.06032338308456489,0.0,0.0,-1.0006218905472686,0.0,0.0,0.6728855721393157,-1.1896766169154054,0.0,0.0,0.0,0.1654228855721377,-7.723880597060234e-06
0.3650497512437853,0.0,0.0,0.0,-0.06032338308456586,0.0,0.0,-1.000621890547267,0.0,0.0,0.672885572139311,0.0,1.189676616915408,-0.7170398009950459,0.0,0.0,-7.723880597036476e-06
0.3650497512437846,0.0,0.0,0.0,-0.06032338308456525,0.0,0.0,-1.0006218905472666,0.0,0.0,0.672885572139313,0.0,1.1896766169154083,0.0,0.5516169154228668,0.0,-7.723880597114715e-06
0.3650497512437829,0.0,0.0,0.0,-0.06032338308456309,0.0,0.0,-1.0006218905472632,0.0,0.0,0.6728855721393161,0.0,1.1896766169154087,0.0,0.0,0.16542288557213788,-7.723880597062333e-06
0.0,-0.054726368159204744,0.0,0.060323383084568055,0.0,0.609452736318409,0.0,0.0,-0.5230099502487411,0.0,0.0,-1.1896766169154045,0.0,-0.7170398009950216,0.0,0.0,-7.723880597077652e-06
0.0,-0.0547263681592014,0.0,0.060323383084569526,0.0,0.6094527363184097,0.0,0.0,-0.5230099502487442,0.0,0.0,-1.189676616915405,0.0,0.0,0.5516169154229029,0.0,-7.723880597144824e-06
0.0,-0.05472636815920391,0.0,0.06032338308457061,0.0,0.6094527363184092,0.0,0.0,-0.5230099502487431,0.0,0.0,-1.1896766169154054,0.0,0.0,0.0,0.16542288557213786,-7.723880597015866e-06
0.0,-0.054726368159205716,0.0,0.06032338308456951,0.0,0.6094527363184096,0.0,0.0,-0.5230099502487422,0.0,0.0,0.0,1.1896766169154072,-0.7170398009950221,0.0,0.0,-7.723880597090304e-06
0.0,-0.054726368159203564,0.0,0.06032338308456975,0.0,0.6094527363184098,0.0,0.0,-0.5230099502487434,0.0,0.0,0.0,1.189676616915403,0.0,0.5516169154228865,0.0,-7.723880597189157e-06
0.0,-0.05472636815920384,0.0,0.06032338308457075,0.0,0.60945273631841,0.0,0.0,-0.5230099502487426,0.0,0.0,0.0,1.1896766169154067,0.0,0.0,0.1654228855721384,-7.723880597128118e-06
0.0,-0.054726368159203384,0.0,0.06032338308456994,0.0,0.6094527363184086,0.0,0.0,0.0,-0.14987562189054762,0.0,-1.189676616915425,0.0,-0.7170398009950234,0.0,0.0,-7.723880597027066e-06
0.0,-0.05472636815920323,0.0,0.06032338308457072,0.0,0.6094527363184097,0.0,0.0,0.0,-0.14987562189054987,0.0,-1.1896766169154263,0.0,0.0,0.5516169154228853,0.0,-7.723880597024066e-06
0.0,-0.05472636815920401,0.0,0.06032338308457204,0.0,0.6094527363184082,0.0,0.0,0.0,-0.14987562189054804,0.0,-1.1896766169154278,0.0,0.0,0.0,0.16542288557213958,-7.723880596983638e-06
0.0,-0.05472636815920437,0.0,0.06032338308456736,0.0,0.6094527363184084,0.0,0.0,0.0,-0.1498756218905462,0.0,0.0,1.1896766169154147,-0.7170398009950216,0.0,0.0,-7.723880597145539e-06
0.0,-0.054726368159204994,0.0,0.06032338308456925,0.0,0.609452736318409,0.0,0.0,0.0,-0.14987562189054937,0.0,0.0,1.1896766169154145,0.0,0.5516169154228817,0.0,-7.723880597171382e-06
0.0,-0.05472636815920334,0.0,0.06032338308457079,0.0,0.609452736318408,0.0,0.0,0.0,-0.14987562189054826,0.0,0.0,1.1896766169154134,0.0,0.0,0.16542288557214022,-7.723880597140878e-06
0.0,-0.054726368159205604,0.0,0.06032338308457036,0.0,0.609452736318409,0.0,0.0,0.0,0.0,0.67288557213931,-1.1896766169154116,0.0,-0.7170398009950218,0.0,0.0,-7.723880597018994e-06
0.0,-0.05472636815920372,0.0,0.060323383084572774,0.0,0.6094527363184096,0.0,0.0,0.0,0.0,0.6728855721393111,-1.1896766169154103,0.0,0.0,0.5516169154228827,0.0,-7.723880597010225e-06
0.0,-0.054726368159205424,0.0,0.060323383084571636,0.0,0.6094527363184086,0.0,0.0,0.0,0.0,0.6728855721393108,-1.1896766169154083,0.0,0.0,0.0,0.1654228855721401,-7.72388059700862e-06
0.0,-0.05472636815920354,0.0,0.060323383084570525,0.0,0.609452736318409,0.0,0.0,0.0,0.0,0.6728855721393097,0.0,1.1896766169154094,-0.7170398009950204,0.0,0.0,-7.723880597126679e-06
0.0,-0.05472636815920337,0.0,0.060323383084569374,0.0,0.6094527363184093,0.0,0.0,0.0,0.0,0.672885572139312,0.0,1.1896766169154076,0.0,0.5516169154228852,0.0,-7.723880597161913e-06
0.0,-0.05472636815920778,0.0,0.06032338308457051,0.0,0.6094527363184082,0.0,0.0,0.0,0.0,0.6728855721393122,0.0,1.1896766169154076,0.0,0.0,0.16542288557214005,-7.723880597125096e-06
0.0,-0.05472636815920395,0.0,0.06032338308456908,0.0,0.0,0.3911691542288541,0.0,-0.5230099502487484,0.0,0.0,-1.1896766169154045,0.0,-0.7170398009950331,0.0,0.0,-7.723880596997496e-06
0.0,-0.05472636815920355,0.0,0.06032338308456933,0.0,0.0,0.39116915422885506,0.0,-0.5230099502487474,0.0,0.0,-1.1896766169154045,0.0,0.0,0.551616915422903,0.0,-7.723880597015063e-06
0.0,-0.05472636815920501,0.0,0.060323383084571774,0.0,0.0,0.3911691542288547,0.0,-0.5230099502487511,0.0,0.0,-1.1896766169154054,0.0,0.0,0.0,0.16542288557213947,-7.723880596958654e-06
0.0,-0.05472636815920533,0.0,0.06032338308457233,0.0,0.0,0.3911691542288541,0.0,-0.5230099502487484,0.0,0.0,0.0,1.1896766169154072,-0.7170398009950306,0.0,0.0,-7.723880597114644e-06
0.0,-0.05472636815920545,0.0,0.06032338308457143,0.0,0.0,0.3911691542288534,0.0,-0.5230099502487479,0.0,0.0,0.0,1.1896766169154105,0.0,0.5516169154228963,0.0,-7.723880597223423e-06
0.0,-0.05472636815920491,0.0,0.060323383084574064,0.0,0.0,0.3911691542288542,0.0,-0.523009950248749,0.0,0.0,0.0,1.1896766169154147,0.0,0.0,0.1654228855721378,-7.723880597201837e-06
0.0,-0.05472636815920315,0.0,0.060323383084570026,0.0,0.0,0.39116915422885334,0.0,0.0,-0.1498756218905469,0.0,-1.1896766169154143,0.0,-0.7170398009950367,0.0,0.0,-7.723880597077629e-06
0.0,-0.05472636815920494,0.0,0.06032338308456858,0.0,0.0,0.3911691542288533,0.0,0.0,-0.14987562189054754,0.0,-1.1896766169154196,0.0,0.0,0.5516169154228828,0.0,-7.723880597108552e-06
0.0,-0.054726368159204425,0.0,0.06032338308456914,0.0,0.0,0.3911691542288528,0.0,0.0,-0.1498756218905463,0.0,-1.189676616915417,0.0,0.0,0.0,0.16542288557214124,-7.723880596948024e-06
0.0,-0.05472636815920519,0.0,0.060323383084571275,0.0,0.0,0.3911691542288543,0.0,0.0,-0.14987562189054948,0.0,0.0,1.1896766169154245,-0.7170398009950434,0.0,0.0,-7.723880597162059e-06
0.0,-0.05472636815920649,0.0,0.060323383084568444,0.0,0.0,0.39116915422885734,0.0,0.0,-0.1498756218905477,0.0,0.0,1.1896766169154245,0.0,0.5516169154228918,0.0,-7.723880597212817e-06
0.0,-0.054726368159203204,0.0,0.060323383084569915,0.0,0.0,0.3911691542288571,0.0,0.0,-0.1498756218905481,0.0,0.0,1.1896766169154245,0.0,0.0,0.1654228855721387,-7.723880597107602e-06
0.0,-0.05472636815920348,0.0,0.06032338308457076,0.0,0.0,0.39116915422885334,0.0,0.0,0.0,0.6728855721393127,-1.1896766169154076,0.0,-0.7170398009950189,0.0,0.0,-7.723880596896821e-06
0.0,-0.0547263681592034,0.0,0.06032338308457033,0.0,0.0,0.3911691542288546,0.0,0.0,0.0,0.6728855721393106,-1.189676616915409,0.0,0.0,0.5516169154228862,0.0,-7.723880596898208e-06
0.0,-0.05472636815920279,0.0,0.060323383084569915,0.0,0.0,0.39116915422885457,0.0,0.0,0.0,0.6728855721393154,-1.1896766169154092,0.0,0.0,0.0,0.16542288557214035,-7.723880597014374e-06
0.0,-0.05472636815920255,0.0,0.06032338308457273,0.0,0.0,0.39116915422885606,0.0,0.0,0.0,0.6728855721393138,0.0,1.1896766169154074,-0.7170398009950204,0.0,0.0,-7.72388059714241e-06
0.0,-0.05472636815920434,0.0,0.060323383084571414,0.0,0.0,0.39116915422885523,0.0,0.0,0.0,0.6728855721393112,0.0,1.1896766169154085,0.0,0.5516169154228885,0.0,-7.723880597112494e-06
0.0,-0.05472636815920359,0.0,0.060323383084571164,0.0,0.0,0.39116915422885645,0.0,0.0,0.0,0.672885572139313,0.0,1.1896766169154125,0.0,0.0,0.16542288557214094,-7.723880597198812e-06
0.0,-0.054726368159207506,0.0,0.06032338308457062,0.0,0.0,0.0,-1.00062189054726,-0.5230099502487484,0.0,0.0,-1.1896766169154107,0.0,-0.7170398009950312,0.0,0.0,-7.723880596982297e-06
0.0,-0.054726368159205174,0.0,0.060323383084570054,0.0,0.0,0.0,-1.000621890547261,-0.5230099502487441,0.0,0.0,-1.1896766169154085,0.0,0.0,0.5516169154228838,0.0,-7.723880596958256e-06
0.0,-0.054726368159205285,0.0,0.06032338308456919,0.0,0.0,0.0,-1.0006218905472595,-0.5230099502487485,0.0,0.0,-1.1896766169154063,0.0,0.0,0.0,0.16542288557214183,-7.723880597032697e-06
0.0,-0.05472636815920641,0.0,0.06032338308457039,0.0,0.0,0.0,-1.0006218905472615,-0.5230099502487486,0.0,0.0,0.0,1.1896766169154085,-0.7170398009950235,0.0,0.0,-7.723880597134229e-06
0.0,-0.0547263681592049,0.0,0.060323383084571636,0.0,0.0,0.0,-1.0006218905472586,-0.5230099502487462,0.0,0.0,0.0,1.1896766169154072,0.0,0.5516169154228886,0.0,-7.723880597039524e-06
0.0,-0.05472636815920763,0.0,0.06032338308457166,0.0,0.0,0.0,-1.0006218905472584,-0.5230099502487471,0.0,0.0,0.0,1.1896766169154143,0.0,0.0,0.1654228855721417,-7.723880597080652e-06
0.0,-0.0547263681592049,0.0,0.060323383084569804,0.0,0.0,0.0,-1.00062189054726,0.0,-0.14987562189054876,0.0,-1.1896766169154032,0.0,-0.7170398009950352,0.0,0.0,-7.723880596964162e-06
0.0,-0.05472636815920506,0.0,0.06032338308456933,0.0,0.0,0.0,-1.0006218905472613,0.0,-0.14987562189054882,0.0,-1.1896766169154034,0.0,0.0,0.5516169154228863,0.0,-7.723880597021023e-06
0.0,-0.05472636815920591,0.0,0.0603233830845695,0.0,0.0,0.0,-1.0006218905472601,0.0,-0.14987562189054882,0.0,-1.1896766169154018,0.0,0.0,0.0,0.1654228855721384,-7.723880596980848e-06
0.0,-0.054726368159203814,0.0,0.06032338308456944,0.0,0.0,0.0,-1.0006218905472577,0.0,-0.14987562189054676,0.0,0.0,1.1896766169154087,-0.7170398009950055,0.0,0.0,-7.723880597133624e-06
0.0,-0.0547263681592039,0.0,0.06032338308456689,0.0,0.0,0.0,-1.0006218905472586,0.0,-0.14987562189054632,0.0,0.0,1.1896766169154067,0.0,0.5516169154228862,0.0,-7.723880597130178e-06
0.0,-0.05472636815920345,0.0,0.06032338308457155,0.0,0.0,0.0,-1.0006218905472573,0.0,-0.1498756218905463,0.0,0.0,1.1896766169154112,0.0,0.0,0.1654228855721409,-7.723880597156433e-06
0.0,-0.054726368159207506,0.0,0.06032338308457025,0.0,0.0,0.0,-1.0006218905472604,0.0,0.0,0.6728855721393063,-1.189676616915419,0.0,-0.7170398009950391,0.0,0.0,-7.723880596924058e-06
0.0,-0.054726368159204425,0.0,0.060323383084570775,0.0,0.0,0.0,-1.0006218905472621,0.0,0.0,0.6728855721393039,-1.1896766169154163,0.0,0.0,0.5516169154228836,0.0,-7.723880597016009e-06
0.0,-0.054726368159205216,0.0,0.06032338308456689,0.0,0.0,0.0,-1.000621890547259,0.0,0.0,0.6728855721393037,-1.1896766169154116,0.0,0.0,0.0,0.16542288557214277,-7.723880596956006e-06
0.0,-0.05472636815920512,0.0,0.06032338308456808,0.0,0.0,0.0,-1.000621890547258,0.0,0.0,0.6728855721393048,0.0,1.1896766169154207,-0.7170398009950342,0.0,0.0,-7.723880597142083e-06
0.0,-0.0547263681592058,0.0,0.06032338308456853,0.0,0.0,0.0,-1.0006218905472588,0.0,0.0,0.6728855721393043,0.0,1.1896766169154211,0.0,0.5516169154228848,0.0,-7.723880597035705e-06
0.0,-0.0547263681592047,0.0,0.06032338308456964,0.0,0.0,0.0,-1.0006218905472588,0.0,0.0,0.6728855721393051,0.0,1.1896766169154172,0.0,0.0,0.16542288557214324,-7.723880597153506e-06
0.0,-0.0547263681592047,0.0,0.0,-0.06032338308457519,0.6094527363184102,0.0,0.0,-0.5230099502487422,0.0,0.0,-1.1896766169154032,0.0,-0.7170398009950221,0.0,0.0,-7.723880597137604e-06
0.0,-0.054726368159204605,0.0,0.0,-0.06032338308457488,0.6094527363184103,0.0,0.0,-0.5230099502487404,0.0,0.0,-1.189676616915404,0.0,0.0,0.5516169154228998,0.0,-7.723880597149033e-06
0.0,-0.054726368159203787,0.0,0.0,-0.06032338308457355,0.6094527363184101,0.0,0.0,-0.5230099502487412,0.0,0.0,-1.1896766169154056,0.0,0.0,0.0,0.1654228855721388,-7.723880597126052e-06
0.0,-0.054726368159204175,0.0,0.0,-0.06032338308457441,0.6094527363184087,0.0,0.0,-0.5230099502487404,0.0,0.0,0.0,1.189676616915408,-0.7170398009950198,0.0,0.0,-7.723880597018658e-06
0.0,-0.054726368159202746,0.0,0.0,-0.060323383084574425,0.6094527363184101,0.0,0.0,-0.5230099502487421,0.0,0.0,0.0,1.1896766169154063,0.0,0.5516169154229,0.0,-7.723880597030994e-06
0.0,-0.05472636815920359,0.0,0.0,-0.060323383084572815,0.6094527363184098,0.0,0.0,-0.5230099502487433,0.0,0.0,0.0,1.189676616915404,0.0,0.0,0.16542288557213947,-7.723880597003869e-06
0.0,-0.05472636815920326,0.0,0.0,-0.060323383084574245,0.6094527363184108,0.0,0.0,0.0,-0.1498756218905476,0.0,-1.1896766169154096,0.0,-0.7170398009950237,0.0,0.0,-7.723880597152422e-06
0.0,-0.05472636815920266,0.0,0.0,-0.06032338308457247,0.6094527363184092,0.0,0.0,0.0,-0.14987562189054837,0.0,-1.1896766169154116,0.0,0.0,0.5516169154228832,0.0,-7.723880597173999e-06
0.0,-0.05472636815920402,0.0,0.0,-0.06032338308457391,0.6094527363184087,0.0,0.0,0.0,-0.14987562189054732,0.0,-1.189676616915411,0.0,0.0,0.0,0.1654228855721408,-7.72388059714604e-06
0.0,-0.05472636815920523,0.0,0.0,-0.06032338308457398,0.6094527363184086,0.0,0.0,0.0,-0.14987562189054765,0.0,0.0,1.189676616915413,-0.7170398009950242,0.0,0.0,-7.723880597065912e-06
0.0,-0.05472636815920279,0.0,0.0,-0.060323383084573384,0.6094527363184082,0.0,0.0,0.0,-0.1498756218905481,0.0,0.0,1.1896766169154094,0.0,0.5516169154228817,0.0,-7.723880597028723e-06
0.0,-0.05472636815920558,0.0,0.0,-0.06032338308457541,0.6094527363184084,0.0,0.0,0.0,-0.14987562189054796,0.0,0.0,1.1896766169154076,0.0,0.0,0.16542288557213675,-7.723880597018946e-06
0.0,-0.05472636815920656,0.0,0.0,-0.060323383084573357,0.6094527363184075,0.0,0.0,0.0,0.0,0.6728855721393098,-1.1896766169154078,0.0,-0.7170398009950325,0.0,0.0,-7.723880597166521e-06
0.0,-0.054726368159204716,0.0,0.0,-0.060323383084573884,0.6094527363184086,0.0,0.0,0.0,0.0,0.6728855721393086,-1.189676616915411,0.0,0.0,0.5516169154228886,0.0,-7.723880597125288e-06
0.0,-0.05472636815920477,0.0,0.0,-0.060323383084573134,0.6094527363184095,0.0,0.0,0.0,0.0,0.6728855721393084,-1.1896766169154096,0.0,0.0,0.0,0.16542288557213936,-7.72388059714429e-06
0.0,-0.05472636815920494,0.0,0.0,-0.06032338308457488,0.6094527363184092,0.0,0.0,0.0,0.0,0.672885572139307,0.0,1.189676616915412,-0.7170398009950356,0.0,0.0,-7.723880597049266e-06
0.0,-0.05472636815920383,0.0,0.0,-0.06032338308457477,0.6094527363184076,0.0,0.0,0.0,0.0,0.672885572139309,0.0,1.1896766169154147,0.0,0.5516169154228862,0.0,-7.723880596940592e-06
0.0,-0.054726368159205105,0.0,0.0,-0.06032338308457291,0.6094527363184091,0.0,0.0,0.0,0.0,0.6728855721393094,0.0,1.1896766169154143,0.0,0.0,0.16542288557213866,-7.723880597027174e-06
0.0,-0.05472636815920576,0.0,0.0,-0.060323383084576965,0.0,0.39116915422885495,0.0,-0.5230099502487542,0.0,0.0,-1.1896766169154072,0.0,-0.717039800995028,0.0,0.0,-7.723880597164534e-06
0.0,-0.054726368159205785,0.0,0.0,-0.060323383084575716,0.0,0.39116915422885423,0.0,-0.5230099502487542,0.0,0.0,-1.1896766169154065,0.0,0.0,0.551616915422888,0.0,-7.723880597132052e-06
0.0,-0.05472636815920448,0.0,0.0,-0.06032338308457652,0.0,0.39116915422885606,0.0,-0.5230099502487553,0.0,0.0,-1.1896766169154087,0.0,0.0,0.0,0.1654228855721402,-7.72388059707352e-06
0.0,-0.05472636815920609,0.0,0.0,-0.060323383084575716,0.0,0.3911691542288556,0.0,-0.523009950248752,0.0,0.0,0.0,1.1896766169154065,-0.7170398009950234,0.0,0.0,-7.72388059699257e-06
0.0,-0.05472636815920651,0.0,0.0,-0.06032338308457291,0.0,0.39116915422885645,0.0,-0.5230099502487507,0.0,0.0,0.0,1.1896766169154025,0.0,0.5516169154228926,0.0,-7.723880597033317e-06
0.0,-0.054726368159203814,0.0,0.0,-0.06032338308457194,0.0,0.3911691542288567,0.0,-0.5230099502487532,0.0,0.0,0.0,1.1896766169154083,0.0,0.0,0.16542288557213752,-7.723880596996764e-06
0.0,-0.05472636815920162,0.0,0.0,-0.060323383084577215,0.0,0.39116915422885556,0.0,0.0,-0.14987562189054843,0.0,-1.18967661691541,0.0,-0.7170398009950386,0.0,0.0,-7.723880597107373e-06
0.0,-0.054726368159203315,0.0,0.0,-0.06032338308457513,0.0,0.3911691542288549,0.0,0.0,-0.14987562189054732,0.0,-1.1896766169154165,0.0,0.0,0.5516169154228839,0.0,-7.723880597294235e-06
0.0,-0.054726368159202246,0.0,0.0,-0.06032338308457416,0.0,0.3911691542288551,0.0,0.0,-0.14987562189054565,0.0,-1.1896766169154143,0.0,0.0,0.0,0.16542288557214296,-7.723880597068989e-06
0.0,-0.05472636815920459,0.0,0.0,-0.060323383084574383,0.0,0.3911691542288554,0.0,0.0,-0.14987562189055154,0.0,0.0,1.1896766169154165,-0.7170398009950374,0.0,0.0,-7.72388059706573e-06
0.0,-0.054726368159203925,0.0,0.0,-0.06032338308457594,0.0,0.39116915422885534,0.0,0.0,-0.14987562189054973,0.0,0.0,1.1896766169154132,0.0,0.5516169154228832,0.0,-7.72388059702953e-06
0.0,-0.054726368159203106,0.0,0.0,-0.06032338308457498,0.0,0.3911691542288566,0.0,0.0,-0.14987562189054895,0.0,0.0,1.1896766169154143,0.0,0.0,0.16542288557214033,-7.723880597030891e-06
0.0,-0.05472636815920276,0.0,0.0,-0.060323383084576354,0.0,0.39116915422885346,0.0,0.0,0.0,0.6728855721393125,-1.1896766169154094,0.0,-0.7170398009950281,0.0,0.0,-7.72388059713177e-06
0.0,-0.05472636815920465,0.0,0.0,-0.06032338308457627,0.0,0.39116915422885534,0.0,0.0,0.0,0.6728855721393112,-1.1896766169154074,0.0,0.0,0.5516169154228966,0.0,-7.723880597106799e-06
0.0,-0.054726368159202954,0.0,0.0,-0.060323383084576715,0.0,0.39116915422885357,0.0,0.0,0.0,0.6728855721393128,-1.1896766169154087,0.0,0.0,0.0,0.1654228855721392,-7.723880597099746e-06
0.0,-0.05472636815920588,0.0,0.0,-0.060323383084573856,0.0,0.39116915422885623,0.0,0.0,0.0,0.6728855721393128,0.0,1.1896766169154076,-0.7170398009950301,0.0,0.0,-7.723880597092216e-06
0.0,-0.05472636815920626,0.0,0.0,-0.060323383084575424,0.0,0.391169154228858,0.0,0.0,0.0,0.6728855721393094,0.0,1.1896766169154103,0.0,0.5516169154228917,0.0,-7.723880597008368e-06
0.0,-0.05472636815920613,0.0,0.0,-0.060323383084574564,0.0,0.391169154228856,0.0,0.0,0.0,0.6728855721393103,0.0,1.1896766169154087,0.0,0.0,0.16542288557213936,-7.723880597021582e-06
0.0,-0.05472636815920563,0.0,0.0,-0.06032338308457788,0.0,0.0,-1.00062189054726,-0.5230099502487469,0.0,0.0,-1.1896766169154112,0.0,-0.7170398009950082,0.0,0.0,-7.723880597138407e-06
0.0,-0.05472636815920616,0.0,0.0,-0.06032338308457551,0.0,0.0,-1.0006218905472593,-0.5230099502487432,0.0,0.0,-1.1896766169154083,0.0,0.0,0.5516169154228888,0.0,-7.723880597142462e-06
0.0,-0.05472636815920584,0.0,0.0,-0.060323383084575244,0.0,0.0,-1.0006218905472606,-0.5230099502487461,0.0,0.0,-1.1896766169154085,0.0,0.0,0.0,0.16542288557213958,-7.723880597141029e-06
0.0,-0.05472636815920501,0.0,0.0,-0.060323383084576215,0.0,0.0,-1.0006218905472597,-0.5230099502487435,0.0,0.0,0.0,1.189676616915408,-0.7170398009950076,0.0,0.0,-7.723880597060319e-06
0.0,-0.05472636815920598,0.0,0.0,-0.060323383084573884,0.0,0.0,-1.0006218905472584,-0.5230099502487424,0.0,0.0,0.0,1.1896766169154083,0.0,0.5516169154228893,0.0,-7.723880597024166e-06
0.0,-0.05472636815920433,0.0,0.0,-0.06032338308457533,0.0,0.0,-1.0006218905472595,-0.5230099502487474,0.0,0.0,0.0,1.1896766169154087,0.0,0.0,0.16542288557214102,-7.723880597056404e-06
0.0,-0.05472636815920673,0.0,0.0,-0.06032338308457515,0.0,0.0,-1.0006218905472595,0.0,-0.1498756218905502,0.0,-1.1896766169154105,0.0,-0.7170398009950235,0.0,0.0,-7.723880597064281e-06
0.0,-0.05472636815920601,0.0,0.0,-0.06032338308457488,0.0,0.0,-1.000621890547261,0.0,-0.14987562189055015,0.0,-1.1896766169154078,0.0,0.0,0.5516169154228819,0.0,-7.723880597109262e-06
0.0,-0.05472636815920512,0.0,0.0,-0.06032338308457645,0.0,0.0,-1.0006218905472613,0.0,-0.14987562189054876,0.0,-1.1896766169154072,0.0,0.0,0.0,0.1654228855721389,-7.723880597113085e-06
0.0,-0.05472636815920505,0.0,0.0,-0.06032338308457279,0.0,0.0,-1.0006218905472597,0.0,-0.14987562189055212,0.0,0.0,1.1896766169154094,-0.7170398009950083,0.0,0.0,-7.723880597056532e-06
0.0,-0.05472636815920345,0.0,0.0,-0.06032338308457463,0.0,0.0,-1.0006218905472608,0.0,-0.14987562189054715,0.0,0.0,1.1896766169154103,0.0,0.5516169154228822,0.0,-7.72388059706091e-06
0.0,-0.05472636815920394,0.0,0.0,-0.06032338308457383,0.0,0.0,-1.0006218905472595,0.0,-0.14987562189054843,0.0,0.0,1.1896766169154065,0.0,0.0,0.1654228855721381,-7.723880597047525e-06
0.0,-0.0547263681592058,0.0,0.0,-0.060323383084574855,0.0,0.0,-1.0006218905472593,0.0,0.0,0.6728855721393049,-1.1896766169154185,0.0,-0.7170398009950372,0.0,0.0,-7.723880597034362e-06
0.0,-0.054726368159206396,0.0,0.0,-0.06032338308457573,0.0,0.0,-1.00062189054726,0.0,0.0,0.6728855721393062,-1.1896766169154176,0.0,0.0,0.5516169154228854,0.0,-7.723880597052609e-06
0.0,-0.05472636815920688,0.0,0.0,-0.06032338308457287,0.0,0.0,-1.0006218905472608,0.0,0.0,0.672885572139305,-1.1896766169154156,0.0,0.0,0.0,0.16542288557214085,-7.723880597123506e-06
0.0,-0.05472636815920845,0.0,0.0,-0.06032338308457463,0.0,0.0,-1.000621890547259,0.0,0.0,0.6728855721393046,0.0,1.189676616915417,-0.7170398009950361,0.0,0.0,-7.723880597023203e-06
0.0,-0.054726368159208144,0.0,0.0,-0.06032338308457508,0.0,0.0,-1.0006218905472606,0.0,0.0,0.6728855721393037,0.0,1.189676616915418,0.0,0.5516169154228852,0.0,-7.723880597118738e-06
0.0,-0.05472636815920465,0.0,0.0,-0.06032338308457727,0.0,0.0,-1.0006218905472604,0.0,0.0,0.672885572139305,0.0,1.1896766169154114,0.0,0.0,0.16542288557214127,-7.72388059703701e-06
0.0,0.0,-0.3103233830845779,0.060323383084569734,0.0,0.6094527363184076,0.0,0.0,-0.5230099502487444,0.0,0.0,-1.1896766169154016,0.0,-0.7170398009950482,0.0,0.0,-7.723880597033312e-06
0.0,0.0,-0.31032338308457463,0.06032338308456893,0.0,0.6094527363184065,0.0,0.0,-0.5230099502487455,0.0,0.0,-1.189676616915404,0.0,0.0,0.5516169154228837,0.0,-7.723880597181961e-06
0.0,0.0,-0.31032338308457974,0.06032338308456919,0.0,0.6094527363184077,0.0,0.0,-0.5230099502487456,0.0,0.0,-1.1896766169154085,0.0,0.0,0.0,0.16542288557213952,-7.723880597009193e-06
0.0,0.0,-0.31032338308457613,0.06032338308457036,0.0,0.6094527363184076,0.0,0.0,-0.5230099502487446,0.0,0.0,0.0,1.1896766169154065,-0.717039800995041,0.0,0.0,-7.723880597256017e-06
0.0,0.0,-0.3103233830845737,0.060323383084572746,0.0,0.6094527363184089,0.0,0.0,-0.5230099502487456,0.0,0.0,0.0,1.1896766169154143,0.0,0.5516169154228671,0.0,-7.723880597216244e-06
0.0,0.0,-0.3103233830845811,0.06032338308457122,0.0,0.6094527363184093,0.0,0.0,-0.5230099502487449,0.0,0.0,0.0,1.18967661691541,0.0,0.0,0.16542288557213536,-7.723880597109026e-06
0.0,0.0,-0.31032338308457713,0.06032338308457352,0.0,0.6094527363184077,0.0,0.0,0.0,-0.14987562189054793,0.0,-1.1896766169154127,0.0,-0.7170398009950514,0.0,0.0,-7.723880597000582e-06
0.0,0.0,-0.31032338308457746,0.060323383084575494,0.0,0.6094527363184092,0.0,0.0,0.0,-0.14987562189054687,0.0,-1.1896766169154178,0.0,0.0,0.5516169154228802,0.0,-7.723880597021286e-06
0.0,0.0,-0.3103233830845808,0.06032338308457655,0.0,0.6094527363184062,0.0,0.0,0.0,-0.14987562189054554,0.0,-1.1896766169154125,0.0,0.0,0.0,0.16542288557213775,-7.7238805970861e-06
0.0,0.0,-0.31032338308457846,0.06032338308457115,0.0,0.6094527363184085,0.0,0.0,0.0,-0.14987562189054993,0.0,0.0,1.1896766169154154,-0.7170398009950335,0.0,0.0,-7.723880597207414e-06
0.0,0.0,-0.3103233830845756,0.06032338308457075,0.0,0.6094527363184077,0.0,0.0,0.0,-0.14987562189054926,0.0,0.0,1.1896766169154138,0.0,0.5516169154228753,0.0,-7.72388059712108e-06
0.0,0.0,-0.3103233830845809,0.060323383084568694,0.0,0.6094527363184085,0.0,0.0,0.0,-0.14987562189054857,0.0,0.0,1.1896766169154158,0.0,0.0,0.1654228855721381,-7.723880597209124e-06
0.0,0.0,-0.31032338308457863,0.06032338308457194,0.0,0.6094527363184064,0.0,0.0,0.0,0.0,0.6728855721393084,-1.1896766169154027,0.0,-0.7170398009950545,0.0,0.0,-7.723880597009617e-06
0.0,0.0,-0.31032338308457647,0.060323383084573884,0.0,0.6094527363184045,0.0,0.0,0.0,0.0,0.6728855721393103,-1.189676616915408,0.0,0.0,0.5516169154228697,0.0,-7.723880596982619e-06
0.0,0.0,-0.31032338308457813,0.06032338308457058,0.0,0.6094527363184054,0.0,0.0,0.0,0.0,0.6728855721393092,-1.189676616915408,0.0,0.0,0.0,0.1654228855721392,-7.723880597062497e-06
0.0,0.0,-0.3103233830845765,0.06032338308457194,0.0,0.6094527363184061,0.0,0.0,0.0,0.0,0.6728855721393101,0.0,1.1896766169154083,-0.7170398009950413,0.0,0.0,-7.723880597082506e-06
0.0,0.0,-0.3103233830845754,0.06032338308457323,0.0,0.6094527363184075,0.0,0.0,0.0,0.0,0.6728855721393119,0.0,1.189676616915411,0.0,0.5516169154228547,0.0,-7.72388059717068e-06
0.0,0.0,-0.3103233830845805,0.06032338308457258,0.0,0.6094527363184077,0.0,0.0,0.0,0.0,0.6728855721393111,0.0,1.1896766169154123,0.0,0.0,0.1654228855721323,-7.723880597125776e-06
0.0,0.0,-0.31032338308457885,0.060323383084571275,0.0,0.0,0.391169154228857,0.0,-0.5230099502487442,0.0,0.0,-1.1896766169154072,0.0,-0.7170398009950476,0.0,0.0,-7.72388059701489e-06
0.0,0.0,-0.31032338308457647,0.060323383084571525,0.0,0.0,0.3911691542288579,0.0,-0.5230099502487435,0.0,0.0,-1.1896766169154072,0.0,0.0,0.5516169154228628,0.0,-7.72388059712084e-06
0.0,0.0,-0.310323383084579,0.06032338308456997,0.0,0.0,0.39116915422885634,0.0,-0.5230099502487449,0.0,0.0,-1.1896766169154114,0.0,0.0,0.0,0.16542288557213924,-7.723880597025617e-06
0.0,0.0,-0.3103233830845771,0.06032338308457022,0.0,0.0,0.39116915422885934,0.0,-0.5230099502487427,0.0,0.0,0.0,1.189676616915408,-0.7170398009950534,0.0,0.0,-7.723880597152156e-06
0.0,0.0,-0.3103233830845782,0.06032338308457472,0.0,0.0,0.3911691542288598,0.0,-0.5230099502487429,0.0,0.0,0.0,1.1896766169154058,0.0,0.5516169154228658,0.0,-7.723880597167822e-06
0.0,0.0,-0.3103233830845802,0.06032338308457269,0.0,0.0,0.39116915422886067,0.0,-0.5230099502487437,0.0,0.0,0.0,1.1896766169154138,0.0,0.0,0.16542288557213297,-7.723880597129172e-06
0.0,0.0,-0.3103233830845792,0.06032338308457358,0.0,0.0,0.39116915422885773,0.0,0.0,-0.14987562189054474,0.0,-1.1896766169154032,0.0,-0.7170398009950574,0.0,0.0,-7.723880597016456e-06
0.0,0.0,-0.3103233830845791,0.06032338308457179,0.0,0.0,0.3911691542288565,0.0,0.0,-0.1498756218905448,0.0,-1.1896766169154103,0.0,0.0,0.5516169154228647,0.0,-7.723880597029856e-06
0.0,0.0,-0.31032338308457896,0.06032338308457105,0.0,0.0,0.3911691542288575,0.0,0.0,-0.1498756218905416,0.0,-1.189676616915412,0.0,0.0,0.0,0.1654228855721378,-7.723880597038582e-06
0.0,0.0,-0.3103233830845774,0.06032338308457258,0.0,0.0,0.3911691542288581,0.0,0.0,-0.149875621890547,0.0,0.0,1.1896766169154058,-0.7170398009950462,0.0,0.0,-7.723880597228878e-06
0.0,0.0,-0.31032338308457524,0.06032338308457051,0.0,0.0,0.391169154228858,0.0,0.0,-0.14987562189054932,0.0,0.0,1.1896766169154032,0.0,0.5516169154228823,0.0,-7.7238805971963e-06
0.0,0.0,-0.31032338308457974,0.060323383084569526,0.0,0.0,0.391169154228857,0.0,0.0,-0.14987562189054798,0.0,0.0,1.189676616915408,0.0,0.0,0.16542288557213525,-7.723880597196479e-06
0.0,0.0,-0.3103233830845787,0.060323383084572246,0.0,0.0,0.391169154228856,0.0,0.0,0.0,0.6728855721393088,-1.1896766169154083,0.0,-0.7170398009950276,0.0,0.0,-7.723880597035321e-06
0.0,0.0,-0.31032338308457574,0.06032338308457397,0.0,0.0,0.3911691542288587,0.0,0.0,0.0,0.6728855721393063,-1.1896766169154127,0.0,0.0,0.551616915422878,0.0,-7.723880597071106e-06
0.0,0.0,-0.3103233830845793,0.060323383084572565,0.0,0.0,0.39116915422885845,0.0,0.0,0.0,0.6728855721393099,-1.1896766169154105,0.0,0.0,0.0,0.16542288557214094,-7.723880597013669e-06
0.0,0.0,-0.31032338308457763,0.06032338308457097,0.0,0.0,0.39116915422885806,0.0,0.0,0.0,0.672885572139309,0.0,1.1896766169154083,-0.7170398009950263,0.0,0.0,-7.723880597125876e-06
0.0,0.0,-0.3103233830845771,0.060323383084572954,0.0,0.0,0.39116915422885934,0.0,0.0,0.0,0.6728855721393081,0.0,1.1896766169154074,0.0,0.5516169154228803,0.0,-7.723880597201046e-06
0.0,0.0,-0.3103233830845812,0.06032338308456894,0.0,0.0,0.3911691542288589,0.0,0.0,0.0,0.672885572139309,0.0,1.1896766169154136,0.0,0.0,0.1654228855721333,-7.723880597067088e-06
0.0,0.0,-0.3103233830845771,0.06032338308457147,0.0,0.0,0.0,-1.0006218905472664,-0.5230099502487429,0.0,0.0,-1.189676616915404,0.0,-0.7170398009950446,0.0,0.0,-7.723880597031042e-06
0.0,0.0,-0.3103233830845783,0.06032338308457294,0.0,0.0,0.0,-1.0006218905472666,-0.5230099502487442,0.0,0.0,-1.1896766169154063,0.0,0.0,0.5516169154228674,0.0,-7.723880597039714e-06
0.0,0.0,-0.31032338308457963,0.060323383084571774,0.0,0.0,0.0,-1.0006218905472637,-0.5230099502487467,0.0,0.0,-1.1896766169154032,0.0,0.0,0.0,0.16542288557213802,-7.723880597036202e-06
0.0,0.0,-0.3103233830845759,0.06032338308457147,0.0,0.0,0.0,-1.0006218905472657,-0.5230099502487434,0.0,0.0,0.0,1.1896766169154125,-0.7170398009950415,0.0,0.0,-7.723880597262343e-06
0.0,0.0,-0.3103233830845769,0.060323383084572524,0.0,0.0,0.0,-1.0006218905472632,-0.5230099502487455,0.0,0.0,0.0,1.1896766169154125,0.0,0.551616915422865,0.0,-7.723880597072841e-06
0.0,0.0,-0.3103233830845783,0.06032338308457594,0.0,0.0,0.0,-1.0006218905472628,-0.5230099502487412,0.0,0.0,0.0,1.1896766169154138,0.0,0.0,0.1654228855721387,-7.723880597132643e-06
0.0,0.0,-0.3103233830845773,0.0603233830845733,0.0,0.0,0.0,-1.0006218905472666,0.0,-0.14987562189054562,0.0,-1.1896766169154058,0.0,-0.7170398009950564,0.0,0.0,-7.723880597037904e-06
0.0,0.0,-0.3103233830845757,0.06032338308457297,0.0,0.0,0.0,-1.000621890547267,0.0,-0.1498756218905461,0.0,-1.1896766169154076,0.0,0.0,0.551616915422855,0.0,-7.723880596954419e-06
0.0,0.0,-0.3103233830845798,0.060323383084571844,0.0,0.0,0.0,-1.0006218905472684,0.0,-0.14987562189054598,0.0,-1.1896766169154096,0.0,0.0,0.0,0.16542288557213694,-7.723880597040134e-06
0.0,0.0,-0.3103233830845768,0.060323383084570664,0.0,0.0,0.0,-1.000621890547264,0.0,-0.14987562189054812,0.0,0.0,1.1896766169154078,-0.7170398009950469,0.0,0.0,-7.72388059713389e-06
0.0,0.0,-0.31032338308457663,0.060323383084576826,0.0,0.0,0.0,-1.0006218905472646,0.0,-0.14987562189054926,0.0,0.0,1.189676616915408,0.0,0.5516169154228631,0.0,-7.72388059714111e-06
0.0,0.0,-0.3103233830845781,0.06032338308457236,0.0,0.0,0.0,-1.0006218905472637,0.0,-0.14987562189054854,0.0,0.0,1.1896766169154143,0.0,0.0,0.16542288557213308,-7.723880597199652e-06
0.0,0.0,-0.31032338308457674,0.06032338308457007,0.0,0.0,0.0,-1.0006218905472661,0.0,0.0,0.6728855721393124,-1.1896766169154054,0.0,-0.7170398009950354,0.0,0.0,-7.723880597006803e-06
0.0,0.0,-0.3103233830845783,0.060323383084572024,0.0,0.0,0.0,-1.0006218905472664,0.0,0.0,0.672885572139313,-1.1896766169154034,0.0,0.0,0.5516169154228754,0.0,-7.723880597015904e-06
0.0,0.0,-0.31032338308457874,0.06032338308457254,0.0,0.0,0.0,-1.0006218905472675,0.0,0.0,0.672885572139314,-1.1896766169154085,0.0,0.0,0.0,0.16542288557213292,-7.723880597064276e-06
0.0,0.0,-0.3103233830845773,0.06032338308457416,0.0,0.0,0.0,-1.000621890547264,0.0,0.0,0.6728855721393102,0.0,1.1896766169154074,-0.7170398009950376,0.0,0.0,-7.723880597066609e-06
0.0,0.0,-0.31032338308457796,0.06032338308457372,0.0,0.0,0.0,-1.0006218905472646,0.0,0.0,0.6728855721393124,0.0,1.1896766169154112,0.0,0.5516169154228636,0.0,-7.723880597263681e-06
0.0,0.0,-0.31032338308457963,0.06032338308457383,0.0,0.0,0.0,-1.0006218905472646,0.0,0.0,0.6728855721393139,0.0,1.189676616915416,0.0,0.0,0.16542288557213022,-7.723880597129726e-06
0.0,0.0,-0.31032338308457996,0.0,-0.06032338308456528,0.6094527363184055,0.0,0.0,-0.5230099502487389,0.0,0.0,-1.189676616915405,0.0,-0.7170398009950437,0.0,0.0,-7.72388059711105e-06
0.0,0.0,-0.3103233830845764,0.0,-0.06032338308456865,0.6094527363184059,0.0,0.0,-0.5230099502487413,0.0,0.0,-1.1896766169154076,0.0,0.0,0.5516169154228818,0.0,-7.723880597099306e-06
0.0,0.0,-0.3103233830845784,0.0,-0.06032338308456775,0.6094527363184061,0.0,0.0,-0.5230099502487392,0.0,0.0,-1.1896766169154036,0.0,0.0,0.0,0.16542288557213553,-7.723880597151874e-06
0.0,0.0,-0.31032338308457735,0.0,-0.060323383084569165,0.609452736318406,0.0,0.0,-0.5230099502487375,0.0,0.0,0.0,1.1896766169154067,-0.7170398009950528,0.0,0.0,-7.723880597038743e-06
0.0,0.0,-0.31032338308457486,0.0,-0.0603233830845694,0.6094527363184062,0.0,0.0,-0.523009950248741,0.0,0.0,0.0,1.189676616915409,0.0,0.5516169154228814,0.0,-7.723880597066466e-06
0.0,0.0,-0.310323383084582,0.0,-0.06032338308456861,0.6094527363184081,0.0,0.0,-0.5230099502487406,0.0,0.0,0.0,1.1896766169154054,0.0,0.0,0.1654228855721337,-7.723880597082106e-06
0.0,0.0,-0.31032338308457635,0.0,-0.06032338308456604,0.6094527363184065,0.0,0.0,0.0,-0.1498756218905464,0.0,-1.189676616915412,0.0,-0.7170398009950495,0.0,0.0,-7.723880597168681e-06
0.0,0.0,-0.3103233830845764,0.0,-0.06032338308456621,0.6094527363184069,0.0,0.0,0.0,-0.1498756218905447,0.0,-1.1896766169154143,0.0,0.0,0.5516169154228643,0.0,-7.723880597181128e-06
0.0,0.0,-0.3103233830845798,0.0,-0.06032338308456822,0.6094527363184081,0.0,0.0,0.0,-0.14987562189054326,0.0,-1.189676616915409,0.0,0.0,0.0,0.16542288557213763,-7.723880597151507e-06
0.0,0.0,-0.3103233830845794,0.0,-0.060323383084569526,0.6094527363184064,0.0,0.0,0.0,-0.1498756218905471,0.0,0.0,1.1896766169154147,-0.7170398009950589,0.0,0.0,-7.723880597135716e-06
0.0,0.0,-0.31032338308457513,0.0,-0.060323383084567805,0.6094527363184042,0.0,0.0,0.0,-0.14987562189054685,0.0,0.0,1.1896766169154183,0.0,0.5516169154228618,0.0,-7.723880597032807e-06
0.0,0.0,-0.31032338308458135,0.0,-0.06032338308456839,0.6094527363184032,0.0,0.0,0.0,-0.14987562189054643,0.0,0.0,1.1896766169154196,0.0,0.0,0.1654228855721357,-7.723880597049807e-06
0.0,0.0,-0.31032338308457785,0.0,-0.06032338308456972,0.6094527363184087,0.0,0.0,0.0,0.0,0.672885572139308,-1.1896766169154067,0.0,-0.7170398009950478,0.0,0.0,-7.723880597112606e-06
0.0,0.0,-0.3103233830845764,0.0,-0.06032338308456632,0.609452736318408,0.0,0.0,0.0,0.0,0.6728855721393099,-1.1896766169154045,0.0,0.0,0.551616915422847,0.0,-7.723880597187595e-06
0.0,0.0,-0.31032338308457386,0.0,-0.060323383084570775,0.6094527363184081,0.0,0.0,0.0,0.0,0.6728855721393106,-1.1896766169154103,0.0,0.0,0.0,0.16542288557213597,-7.72388059713491e-06
0.0,0.0,-0.3103233830845774,0.0,-0.060323383084565946,0.6094527363184078,0.0,0.0,0.0,0.0,0.6728855721393121,0.0,1.189676616915409,-0.7170398009950567,0.0,0.0,-7.723880597061811e-06
0.0,0.0,-0.31032338308457175,0.0,-0.06032338308456836,0.6094527363184074,0.0,0.0,0.0,0.0,0.6728855721393109,0.0,1.1896766169154112,0.0,0.5516169154228611,0.0,-7.72388059700616e-06
0.0,0.0,-0.31032338308458185,0.0,-0.06032338308456853,0.6094527363184061,0.0,0.0,0.0,0.0,0.6728855721393122,0.0,1.1896766169154076,0.0,0.0,0.16542288557213453,-7.723880596999302e-06
0.0,0.0,-0.3103233830845784,0.0,-0.0603233830845656,0.0,0.39116915422885684,0.0,-0.5230099502487537,0.0,0.0,-1.1896766169154067,0.0,-0.7170398009950579,0.0,0.0,-7.723880597140548e-06
0.0,0.0,-0.31032338308457635,0.0,-0.060323383084565696,0.0,0.39116915422885573,0.0,-0.523009950248756,0.0,0.0,-1.189676616915407,0.0,0.0,0.5516169154228926,0.0,-7.72388059711936e-06
0.0,0.0,-0.31032338308457846,0.0,-0.06032338308456475,0.0,0.39116915422885784,0.0,-0.5230099502487547,0.0,0.0,-1.1896766169154127,0.0,0.0,0.0,0.16542288557213766,-7.723880597125887e-06
0.0,0.0,-0.3103233830845768,0.0,-0.06032338308457008,0.0,0.39116915422885834,0.0,-0.5230099502487533,0.0,0.0,0.0,1.1896766169154163,-0.7170398009950578,0.0,0.0,-7.723880597056063e-06
0.0,0.0,-0.3103233830845758,0.0,-0.06032338308456722,0.0,0.39116915422885945,0.0,-0.5230099502487534,0.0,0.0,0.0,1.1896766169154098,0.0,0.5516169154228674,0.0,-7.723880597076866e-06
0.0,0.0,-0.3103233830845798,0.0,-0.06032338308456775,0.0,0.39116915422885806,0.0,-0.523009950248751,0.0,0.0,0.0,1.1896766169154132,0.0,0.0,0.16542288557213575,-7.723880597127056e-06
0.0,0.0,-0.31032338308457696,0.0,-0.06032338308456728,0.0,0.39116915422885773,0.0,0.0,-0.14987562189054549,0.0,-1.189676616915404,0.0,-0.717039800995042,0.0,0.0,-7.723880597162134e-06
0.0,0.0,-0.3103233830845772,0.0,-0.06032338308456611,0.0,0.3911691542288527,0.0,0.0,-0.1498756218905431,0.0,-1.1896766169154056,0.0,0.0,0.5516169154228626,0.0,-7.723880597090381e-06
0.0,0.0,-0.31032338308457785,0.0,-0.06032338308456403,0.0,0.3911691542288558,0.0,0.0,-0.14987562189054385,0.0,-1.1896766169154118,0.0,0.0,0.0,0.16542288557213639,-7.72388059715522e-06
0.0,0.0,-0.3103233830845783,0.0,-0.060323383084568305,0.0,0.3911691542288573,0.0,0.0,-0.14987562189054762,0.0,0.0,1.1896766169154076,-0.7170398009950472,0.0,0.0,-7.723880597044931e-06
0.0,0.0,-0.31032338308457574,0.0,-0.06032338308457208,0.0,0.3911691542288559,0.0,0.0,-0.14987562189054482,0.0,0.0,1.1896766169154085,0.0,0.5516169154228656,0.0,-7.72388059703228e-06
0.0,0.0,-0.31032338308457863,0.0,-0.06032338308457119,0.0,0.3911691542288544,0.0,0.0,-0.1498756218905461,0.0,0.0,1.1896766169154107,0.0,0.0,0.16542288557213736,-7.723880597095767e-06
0.0,0.0,-0.31032338308457835,0.0,-0.060323383084566085,0.0,0.3911691542288576,0.0,0.0,0.0,0.6728855721393106,-1.1896766169154025,0.0,-0.7170398009950173,0.0,0.0,-7.723880597140773e-06
0.0,0.0,-0.31032338308457713,0.0,-0.060323383084566695,0.0,0.3911691542288568,0.0,0.0,0.0,0.672885572139309,-1.1896766169154085,0.0,0.0,0.5516169154228737,0.0,-7.723880597112323e-06
0.0,0.0,-0.31032338308457946,0.0,-0.06032338308456539,0.0,0.391169154228853,0.0,0.0,0.0,0.6728855721393128,-1.189676616915405,0.0,0.0,0.0,0.1654228855721375,-7.723880597107254e-06
0.0,0.0,-0.3103233830845771,0.0,-0.06032338308456772,0.0,0.3911691542288572,0.0,0.0,0.0,0.6728855721393092,0.0,1.189676616915404,-0.717039800995018,0.0,0.0,-7.723880597072108e-06
0.0,0.0,-0.31032338308457497,0.0,-0.06032338308457237,0.0,0.3911691542288562,0.0,0.0,0.0,0.6728855721393103,0.0,1.1896766169154094,0.0,0.5516169154228718,0.0,-7.723880597066881e-06
0.0,0.0,-0.3103233830845824,0.0,-0.060323383084572274,0.0,0.3911691542288569,0.0,0.0,0.0,0.6728855721393081,0.0,1.1896766169154076,0.0,0.0,0.16542288557213247,-7.723880597051572e-06
0.0,0.0,-0.3103233830845779,0.0,-0.06032338308456542,0.0,0.0,-1.0006218905472657,-0.5230099502487531,0.0,0.0,-1.1896766169154054,0.0,-0.7170398009950436,0.0,0.0,-7.723880597138156e-06
0.0,0.0,-0.31032338308457896,0.0,-0.06032338308456772,0.0,0.0,-1.0006218905472652,-0.5230099502487526,0.0,0.0,-1.189676616915403,0.0,0.0,0.5516169154228844,0.0,-7.723880597179549e-06
0.0,0.0,-0.3103233830845787,0.0,-0.06032338308456628,0.0,0.0,-1.000621890547267,-0.5230099502487547,0.0,0.0,-1.189676616915408,0.0,0.0,0.0,0.16542288557213924,-7.723880597175256e-06
0.0,0.0,-0.31032338308457574,0.0,-0.06032338308456575,0.0,0.0,-1.000621890547265,-0.5230099502487525,0.0,0.0,0.0,1.189676616915413,-0.7170398009950387,0.0,0.0,-7.723880597033695e-06
0.0,0.0,-0.31032338308457846,0.0,-0.060323383084569096,0.0,0.0,-1.0006218905472606,-0.5230099502487476,0.0,0.0,0.0,1.1896766169154165,0.0,0.5516169154228915,0.0,-7.723880596977096e-06
0.0,0.0,-0.310323383084578,0.0,-0.0603233830845674,0.0,0.0,-1.0006218905472666,-0.5230099502487456,0.0,0.0,0.0,1.189676616915415,0.0,0.0,0.16542288557213986,-7.723880597112536e-06
0.0,0.0,-0.31032338308457774,0.0,-0.060323383084564905,0.0,0.0,-1.0006218905472661,0.0,-0.1498756218905467,0.0,-1.1896766169154058,0.0,-0.7170398009950428,0.0,0.0,-7.72388059715996e-06
0.0,0.0,-0.31032338308457885,0.0,-0.06032338308456692,0.0,0.0,-1.0006218905472684,0.0,-0.1498756218905451,0.0,-1.1896766169154058,0.0,0.0,0.5516169154228666,0.0,-7.723880597174875e-06
0.0,0.0,-0.31032338308457863,0.0,-0.060323383084567916,0.0,0.0,-1.0006218905472655,0.0,-0.14987562189054607,0.0,-1.1896766169154027,0.0,0.0,0.0,0.16542288557213647,-7.72388059711128e-06
0.0,0.0,-0.3103233830845765,0.0,-0.06032338308456481,0.0,0.0,-1.000621890547264,0.0,-0.1498756218905473,0.0,0.0,1.1896766169154067,-0.7170398009950413,0.0,0.0,-7.72388059705907e-06
0.0,0.0,-0.31032338308457513,0.0,-0.06032338308456761,0.0,0.0,-1.0006218905472628,0.0,-0.1498756218905466,0.0,0.0,1.1896766169154136,0.0,0.5516169154228675,0.0,-7.72388059704619e-06
0.0,0.0,-0.3103233830845812,0.0,-0.06032338308456789,0.0,0.0,-1.0006218905472628,0.0,-0.14987562189054598,0.0,0.0,1.1896766169154098,0.0,0.0,0.16542288557213644,-7.723880597122647e-06
0.0,0.0,-0.310323383084578,0.0,-0.06032338308457057,0.0,0.0,-1.0006218905472655,0.0,0.0,0.6728855721393134,-1.1896766169154047,0.0,-0.7170398009950479,0.0,0.0,-7.723880597196247e-06
0.0,0.0,-0.3103233830845803,0.0,-0.060323383084568555,0.0,0.0,-1.0006218905472655,0.0,0.0,0.672885572139315,-1.189676616915405,0.0,0.0,0.5516169154228706,0.0,-7.723880597137976e-06
0.0,0.0,-0.31032338308458135,0.0,-0.06032338308456697,0.0,0.0,-1.0006218905472666,0.0,0.0,0.6728855721393182,-1.1896766169154067,0.0,0.0,0.0,0.16542288557213566,-7.723880597108225e-06
0.0,0.0,-0.3103233830845775,0.0,-0.06032338308457083,0.0,0.0,-1.0006218905472641,0.0,0.0,0.6728855721393103,0.0,1.1896766169154107,-0.71703980099505,0.0,0.0,-7.723880597042875e-06
0.0,0.0,-0.3103233830845763,0.0,-0.06032338308456971,0.0,0.0,-1.0006218905472613,0.0,0.0,0.6728855721393123,0.0,1.1896766169154116,0.0,0.5516169154228754,0.0,-7.723880597102115e-06
0.0,0.0,-0.3103233830845847,0.0,-0.06032338308456797,0.0,0.0,-1.0006218905472641,0.0,0.0,0.672885572139313,0.0,1.1896766169154107,0.0,0.0,0.16542288557213863,-7.7238805971386e-06
