OAU1,OAU2,OAU3,MTY1,MTY2,EIN1,EIN2,EIN3,SIN1,SIN2,SIN3,EFI1,EFI2,EFI3,AFI1,AFI2,AFI3,PRICE
-0.5838799287870597,0.9994534045437359,0.8327867378770685,-0.7508198930762818,1.9991801069229518,0.4161200712818492,0.6244534046130115,0.20778673795180902,0.08278673794789104,0.8744534046162824,0.29112007128249595,0.041120071284698745,0.9161200712810018,0.2911200712809685,-0.0005465953844179527,0.2911200712831512,0.9577867379479361,-8.516832754225814e-07
-1.5000000000000007,0.0,0.0,-2.750000000000002,0.0,0.0,0.0,0.0,-0.4999999999999996,0.0,0.0,-0.5624999999999996,0.0,0.0,-0.625,0.0,0.0,-8.516832753684653e-07
-1.5000000000000002,0.0,0.0,-2.7500000000000013,0.0,-6.38378239159465e-16,0.0,0.0,-0.4999999999999993,0.0,0.0,-0.5624999999999992,0.0,0.0,0.0,-0.18750000000000064,0.0,-8.516832753707323e-07
-1.5,0.0,0.0,-2.7500000000000018,0.0,-7.494005416219807e-16,0.0,0.0,-0.5000000000000003,0.0,0.0,-0.5624999999999987,0.0,0.0,0.0,0.0,0.8124999999999991,-8.516832753759141e-07
-1.5000000000000004,0.0,0.0,-2.7500000000000013,0.0,-3.3306690738754696e-16,0.0,0.0,-0.4999999999999997,0.0,0.0,0.0,0.7499999999999999,0.0,-0.6249999999999993,0.0,0.0,-8.516832753752663e-07
-1.5000000000000009,0.0,0.0,-2.7500000000000013,0.0,9.43689570931383e-16,0.0,0.0,-0.5000000000000008,0.0,0.0,0.0,0.7499999999999991,0.0,0.0,-0.18750000000000028,0.0,-8.516832753775336e-07
-1.5000000000000009,0.0,0.0,-2.7500000000000013,0.0,6.106226635438361e-16,0.0,0.0,-0.49999999999999933,0.0,0.0,0.0,0.7499999999999993,0.0,0.0,0.0,0.8124999999999994,-8.516832753876146e-07
-1.5,0.0,0.0,-2.7500000000000027,0.0,-4.996003610813204e-16,0.0,0.0,-0.500000000000002,0.0,0.0,0.0,0.0,-0.18750000000000067,-0.6250000000000013,0.0,0.0,-8.516832753594406e-07
-1.5000000000000009,0.0,0.0,-2.750000000000001,0.0,8.326672684688674e-16,0.0,0.0,-0.4999999999999998,0.0,0.0,0.0,0.0,-0.18750000000000044,0.0,-0.18750000000000067,0.0,-8.516832753726753e-07
-1.5000000000000004,0.0,0.0,-2.7500000000000018,0.0,-3.608224830031759e-16,0.0,0.0,-0.5000000000000001,0.0,0.0,0.0,0.0,-0.18749999999999997,0.0,0.0,0.8125000000000002,-8.516832753612469e-07
-1.5000000000000002,0.0,0.0,-2.7499999999999996,0.0,6.661338147750939e-16,0.0,0.0,0.0,0.6874999999999991,0.0,-0.5624999999999988,0.0,0.0,-0.6250000000000002,0.0,0.0,-8.516832753395935e-07
-1.4999999999999993,0.0,0.0,-2.750000000000001,0.0,-3.885780586188048e-16,0.0,0.0,0.0,0.6875000000000004,0.0,-0.5624999999999992,0.0,0.0,0.0,-0.18749999999999983,0.0,-8.516832753864884e-07
-1.5000000000000009,0.0,0.0,-2.7500000000000018,0.0,2.220446049250313e-16,0.0,0.0,0.0,0.6875000000000007,0.0,-0.5625000000000006,0.0,0.0,0.0,0.0,0.8125000000000006,-8.516832756169986e-07
-1.5,0.0,0.0,-2.75,0.0,-2.498001805406602e-16,0.0,0.0,0.0,0.6875000000000002,0.0,0.0,0.7499999999999994,0.0,-0.6250000000000002,0.0,0.0,-8.516832753543239e-07
-1.5000000000000018,0.0,0.0,-2.7500000000000013,0.0,1.6653345369377348e-16,0.0,0.0,0.0,0.6874999999999998,0.0,0.0,0.7500000000000007,0.0,0.0,-0.18750000000000017,0.0,-8.516832753509055e-07
-1.5000000000000004,0.0,0.0,-2.7500000000000018,0.0,2.7755575615628914e-17,0.0,0.0,0.0,0.6874999999999996,0.0,0.0,0.7499999999999998,0.0,0.0,0.0,0.8125000000000003,-8.516832753801081e-07
-1.5,0.0,0.0,-2.7500000000000018,0.0,4.440892098500626e-16,0.0,0.0,0.0,0.6874999999999998,0.0,0.0,0.0,-0.18750000000000006,-0.6250000000000002,0.0,0.0,-8.516832753059664e-07
-1.5,0.0,0.0,-2.7500000000000004,0.0,8.881784197001252e-16,0.0,0.0,0.0,0.6875000000000009,0.0,0.0,0.0,-0.18750000000000056,0.0,-0.18749999999999975,0.0,-8.516832754425368e-07
-1.5000000000000009,0.0,0.0,-2.7499999999999996,0.0,2.220446049250313e-16,0.0,0.0,0.0,0.6874999999999991,0.0,0.0,0.0,-0.18749999999999978,0.0,0.0,0.812500000000001,-8.516832754352902e-07
-1.5,0.0,0.0,-2.7500000000000018,0.0,4.996003610813204e-16,0.0,0.0,0.0,0.0,-0.18749999999999956,-0.5624999999999996,0.0,0.0,-0.6250000000000002,0.0,0.0,-8.516832753715087e-07
-1.5000000000000004,0.0,0.0,-2.7500000000000018,0.0,-4.718447854656915e-16,0.0,0.0,0.0,0.0,-0.18749999999999978,-0.5624999999999996,0.0,0.0,0.0,-0.18749999999999917,0.0,-8.516832753312122e-07
-1.5000000000000004,0.0,0.0,-2.7500000000000004,0.0,1.0269562977782698e-15,0.0,0.0,0.0,0.0,-0.1874999999999991,-0.5624999999999994,0.0,0.0,0.0,0.0,0.8124999999999999,-8.516832754672953e-07
-1.4999999999999998,0.0,0.0,-2.7500000000000027,0.0,4.996003610813204e-16,0.0,0.0,0.0,0.0,-0.18750000000000044,0.0,0.7499999999999998,0.0,-0.6250000000000008,0.0,0.0,-8.516832754094466e-07
-1.5000000000000013,0.0,0.0,-2.750000000000001,0.0,2.220446049250313e-16,0.0,0.0,0.0,0.0,-0.18750000000000078,0.0,0.7499999999999994,0.0,0.0,-0.18750000000000003,0.0,-8.51683275379153e-07
-1.4999999999999998,0.0,0.0,-2.7500000000000027,0.0,9.992007221626409e-16,0.0,0.0,0.0,0.0,-0.1875000000000009,0.0,0.7499999999999994,0.0,0.0,0.0,0.8124999999999996,-8.516832755230834e-07
-1.5,0.0,0.0,-2.7500000000000018,0.0,1.3877787807814457e-16,0.0,0.0,0.0,0.0,-0.18750000000000044,0.0,0.0,-0.1875,-0.6250000000000002,0.0,0.0,-8.516832753922781e-07
-1.4999999999999996,0.0,0.0,-2.750000000000001,0.0,6.38378239159465e-16,0.0,0.0,0.0,0.0,-0.1875000000000001,0.0,0.0,-0.18750000000000092,0.0,-0.18750000000000025,0.0,-8.51683275374295e-07
-1.4999999999999998,0.0,0.0,-2.749999999999999,0.0,1.1102230246251565e-16,0.0,0.0,0.0,0.0,-0.18749999999999967,0.0,0.0,-0.18749999999999906,0.0,0.0,0.8125000000000012,-8.516832755550366e-07
-1.5000000000000004,0.0,0.0,-2.75,0.0,0.0,0.3125000000000018,0.0,-0.5000000000000002,0.0,0.0,-0.5625000000000002,0.0,0.0,-0.6250000000000007,0.0,0.0,-8.516832755015225e-07
-1.5000000000000004,0.0,0.0,-2.75,0.0,0.0,0.3124999999999998,0.0,-0.5000000000000008,0.0,0.0,-0.5625,0.0,0.0,0.0,-0.18750000000000014,0.0,-8.516832755734028e-07
-1.5000000000000004,0.0,0.0,-2.7499999999999996,0.0,0.0,0.31250000000000067,0.0,-0.49999999999999917,0.0,0.0,-0.5624999999999991,0.0,0.0,0.0,0.0,0.8125000000000007,-8.5168327548109e-07
-1.5000000000000004,0.0,0.0,-2.7499999999999996,0.0,0.0,0.3125000000000009,0.0,-0.4999999999999994,0.0,0.0,0.0,0.7499999999999994,0.0,-0.6249999999999993,0.0,0.0,-8.516832753620631e-07
-1.5000000000000004,0.0,0.0,-2.7500000000000013,0.0,0.0,0.3125000000000011,0.0,-0.499999999999999,0.0,0.0,0.0,0.7499999999999984,0.0,0.0,-0.18750000000000006,0.0,-8.51683275434732e-07
-1.5000000000000007,0.0,0.0,-2.7499999999999996,0.0,0.0,0.3125000000000009,0.0,-0.5000000000000003,0.0,0.0,0.0,0.7499999999999991,0.0,0.0,0.0,0.8125000000000004,-8.516832754252491e-07
-1.5000000000000007,0.0,0.0,-2.75,0.0,0.0,0.3125000000000009,0.0,-0.4999999999999995,0.0,0.0,0.0,0.0,-0.18749999999999933,-0.6249999999999993,0.0,0.0,-8.516832754170866e-07
-1.5000000000000004,0.0,0.0,-2.750000000000001,0.0,0.0,0.31249999999999956,0.0,-0.49999999999999983,0.0,0.0,0.0,0.0,-0.18750000000000044,0.0,-0.18749999999999975,0.0,-8.516832754058894e-07
-1.500000000000001,0.0,0.0,-2.7499999999999987,0.0,0.0,0.31250000000000044,0.0,-0.5000000000000009,0.0,0.0,0.0,0.0,-0.1874999999999995,0.0,0.0,0.8125000000000007,-8.516832754889062e-07
-1.4999999999999993,0.0,0.0,-2.7499999999999996,0.0,0.0,0.312500000000002,0.0,0.0,0.6874999999999991,0.0,-0.5624999999999988,0.0,0.0,-0.6249999999999997,0.0,0.0,-8.516832753300443e-07
-1.5000000000000002,0.0,0.0,-2.7499999999999996,0.0,0.0,0.3125000000000018,0.0,0.0,0.6875,0.0,-0.5624999999999998,0.0,0.0,0.0,-0.18749999999999928,0.0,-8.516832755326571e-07
-1.500000000000001,0.0,0.0,-2.750000000000002,0.0,0.0,0.3125000000000011,0.0,0.0,0.6874999999999991,0.0,-0.5624999999999997,0.0,0.0,0.0,0.0,0.8125000000000009,-8.516832753836871e-07
-1.5000000000000002,0.0,0.0,-2.7500000000000013,0.0,0.0,0.3125,0.0,0.0,0.6874999999999998,0.0,0.0,0.7499999999999994,0.0,-0.6250000000000002,0.0,0.0,-8.516832753830391e-07
-1.5000000000000004,0.0,0.0,-2.750000000000001,0.0,0.0,0.31250000000000133,0.0,0.0,0.6874999999999993,0.0,0.0,0.7499999999999979,0.0,0.0,-0.18749999999999906,0.0,-8.516832753853066e-07
-1.5000000000000002,0.0,0.0,-2.7499999999999996,0.0,0.0,0.31250000000000155,0.0,0.0,0.6875,0.0,0.0,0.7499999999999993,0.0,0.0,0.0,0.8124999999999997,-8.516832753904893e-07
-1.4999999999999998,0.0,0.0,-2.7499999999999996,0.0,0.0,0.3125000000000018,0.0,0.0,0.6874999999999987,0.0,0.0,0.0,-0.1875000000000002,-0.6249999999999987,0.0,0.0,-8.516832753781821e-07
-1.5000000000000004,0.0,0.0,-2.750000000000001,0.0,0.0,0.3125,0.0,0.0,0.6874999999999996,0.0,0.0,0.0,-0.1875,0.0,-0.18749999999999992,0.0,-8.51683275288752e-07
-1.4999999999999993,0.0,0.0,-2.75,0.0,0.0,0.31250000000000044,0.0,0.0,0.6875000000000004,0.0,0.0,0.0,-0.18749999999999903,0.0,0.0,0.8125000000000001,-8.516832753739484e-07
-1.4999999999999998,0.0,0.0,-2.75,0.0,0.0,0.31250000000000133,0.0,0.0,0.0,-0.1874999999999989,-0.5624999999999997,0.0,0.0,-0.6250000000000003,0.0,0.0,-8.516832754006302e-07
-1.5,0.0,0.0,-2.7500000000000018,0.0,0.0,0.3125000000000011,0.0,0.0,0.0,-0.18750000000000078,-0.5625000000000001,0.0,0.0,0.0,-0.18750000000000022,0.0,-8.5168327549333e-07
-1.5000000000000013,0.0,0.0,-2.750000000000001,0.0,0.0,0.31250000000000133,0.0,0.0,0.0,-0.18750000000000222,-0.5625000000000009,0.0,0.0,0.0,0.0,0.8124999999999998,-8.516832754566216e-07
-1.5000000000000013,0.0,0.0,-2.7500000000000004,0.0,0.0,0.3125,0.0,0.0,0.0,-0.18750000000000178,0.0,0.7499999999999988,0.0,-0.6250000000000003,0.0,0.0,-8.516832753744987e-07
-1.5000000000000013,0.0,0.0,-2.7500000000000013,0.0,0.0,0.3125000000000009,0.0,0.0,0.0,-0.1875000000000009,0.0,0.7499999999999989,0.0,0.0,-0.1875000000000007,0.0,-8.516832754410351e-07
-1.5000000000000013,0.0,0.0,-2.7500000000000004,0.0,0.0,0.31249999999999956,0.0,0.0,0.0,-0.18750000000000133,0.0,0.749999999999999,0.0,0.0,0.0,0.8125000000000007,-8.516832754782016e-07
-1.499999999999999,0.0,0.0,-2.75,0.0,0.0,0.3125000000000018,0.0,0.0,0.0,-0.1875000000000011,0.0,0.0,-0.18749999999999956,-0.6249999999999998,0.0,0.0,-8.516832753736488e-07
-1.4999999999999998,0.0,0.0,-2.75,0.0,0.0,0.3125000000000009,0.0,0.0,0.0,-0.18750000000000044,0.0,0.0,-0.1874999999999996,0.0,-0.18749999999999928,0.0,-8.516832755908416e-07
-1.5,0.0,0.0,-2.75,0.0,0.0,0.31250000000000133,0.0,0.0,0.0,-0.18750000000000044,0.0,0.0,-0.18749999999999928,0.0,0.0,0.8125000000000004,-8.51683275381161e-07
-1.5,0.0,0.0,-2.750000000000001,0.0,0.0,0.0,-0.3125000000000002,-0.49999999999999944,0.0,0.0,-0.5625,0.0,0.0,-0.6250000000000001,0.0,0.0,-8.516832754838056e-07
-1.4999999999999998,0.0,0.0,-2.7500000000000018,0.0,0.0,0.0,-0.3124999999999991,-0.5,0.0,0.0,-0.5624999999999996,0.0,0.0,0.0,-0.1875000000000006,0.0,-8.516832754237642e-07
-1.4999999999999998,0.0,0.0,-2.7500000000000018,0.0,0.0,0.0,-0.3125000000000002,-0.5000000000000006,0.0,0.0,-0.5625000000000004,0.0,0.0,0.0,0.0,0.8125000000000008,-8.516832753777664e-07
-1.499999999999999,0.0,0.0,-2.75,0.0,0.0,0.0,-0.3124999999999989,-0.499999999999999,0.0,0.0,0.0,0.749999999999999,0.0,-0.624999999999999,0.0,0.0,-8.516832753778966e-07
-1.5000000000000002,0.0,0.0,-2.7500000000000004,0.0,0.0,0.0,-0.31250000000000044,-0.5000000000000002,0.0,0.0,0.0,0.7499999999999996,0.0,0.0,-0.18749999999999978,0.0,-8.516832753515259e-07
-1.4999999999999996,0.0,0.0,-2.7500000000000013,0.0,0.0,0.0,-0.31249999999999956,-0.4999999999999994,0.0,0.0,0.0,0.7499999999999993,0.0,0.0,0.0,0.8124999999999998,-8.516832753724873e-07
-1.5000000000000002,0.0,0.0,-2.7500000000000013,0.0,0.0,0.0,-0.31249999999999956,-0.5000000000000002,0.0,0.0,0.0,0.0,-0.1875000000000006,-0.6250000000000009,0.0,0.0,-8.516832753712509e-07
-1.5000000000000002,0.0,0.0,-2.7500000000000013,0.0,0.0,0.0,-0.3125000000000002,-0.49999999999999956,0.0,0.0,0.0,0.0,-0.18750000000000022,0.0,-0.18749999999999956,0.0,-8.516832754955973e-07
-1.5000000000000009,0.0,0.0,-2.7500000000000018,0.0,0.0,0.0,-0.3124999999999991,-0.49999999999999983,0.0,0.0,0.0,0.0,-0.18750000000000083,0.0,0.0,0.8124999999999996,-8.516832753782756e-07
-1.4999999999999996,0.0,0.0,-2.7500000000000018,0.0,0.0,0.0,-0.3124999999999991,0.0,0.6875,0.0,-0.5624999999999993,0.0,0.0,-0.6250000000000013,0.0,0.0,-8.516832753729993e-07
-1.5000000000000002,0.0,0.0,-2.750000000000001,0.0,0.0,0.0,-0.3124999999999998,0.0,0.6874999999999993,0.0,-0.5624999999999998,0.0,0.0,0.0,-0.1875000000000005,0.0,-8.516832754468895e-07
-1.5000000000000002,0.0,0.0,-2.7500000000000018,0.0,0.0,0.0,-0.3124999999999998,0.0,0.6875000000000002,0.0,-0.5624999999999999,0.0,0.0,0.0,0.0,0.8124999999999999,-8.516832753825773e-07
-1.5,0.0,0.0,-2.75,0.0,0.0,0.0,-0.3125,0.0,0.6874999999999989,0.0,0.0,0.7500000000000008,0.0,-0.6249999999999998,0.0,0.0,-8.516832752121233e-07
-1.5000000000000004,0.0,0.0,-2.750000000000001,0.0,0.0,0.0,-0.3125,0.0,0.6874999999999991,0.0,0.0,0.7499999999999984,0.0,0.0,-0.18749999999999983,0.0,-8.516832755845758e-07
-1.5000000000000009,0.0,0.0,-2.750000000000001,0.0,0.0,0.0,-0.31249999999999956,0.0,0.6875,0.0,0.0,0.7499999999999998,0.0,0.0,0.0,0.8125,-8.516832753921753e-07
-1.4999999999999996,0.0,0.0,-2.7499999999999996,0.0,0.0,0.0,-0.3125,0.0,0.6875000000000002,0.0,0.0,0.0,-0.18749999999999903,-0.6249999999999991,0.0,0.0,-8.516832753864454e-07
-1.4999999999999998,0.0,0.0,-2.7499999999999996,0.0,0.0,0.0,-0.31249999999999933,0.0,0.6874999999999991,0.0,0.0,0.0,-0.1874999999999986,0.0,-0.18749999999999914,0.0,-8.516832754455816e-07
-1.5000000000000002,0.0,0.0,-2.7500000000000013,0.0,0.0,0.0,-0.3124999999999998,0.0,0.6874999999999996,0.0,0.0,0.0,-0.18750000000000014,0.0,0.0,0.8124999999999997,-8.516832752039954e-07
-1.5000000000000004,0.0,0.0,-2.7500000000000018,0.0,0.0,0.0,-0.3125,0.0,0.0,-0.18749999999999956,-0.5625000000000007,0.0,0.0,-0.6250000000000007,0.0,0.0,-8.516832753350263e-07
-1.4999999999999991,0.0,0.0,-2.7500000000000013,0.0,0.0,0.0,-0.31249999999999956,0.0,0.0,-0.18750000000000078,-0.5625000000000002,0.0,0.0,0.0,-0.1874999999999998,0.0,-8.516832753704582e-07
-1.4999999999999996,0.0,0.0,-2.7500000000000004,0.0,0.0,0.0,-0.31249999999999956,0.0,0.0,-0.1875,-0.5625000000000003,0.0,0.0,0.0,0.0,0.8125000000000001,-8.516832755698389e-07
-1.4999999999999991,0.0,0.0,-2.7499999999999996,0.0,0.0,0.0,-0.3124999999999991,0.0,0.0,-0.18750000000000044,0.0,0.7500000000000004,0.0,-0.6249999999999993,0.0,0.0,-8.516832753013295e-07
-1.5000000000000016,0.0,0.0,-2.7500000000000013,0.0,0.0,0.0,-0.3124999999999989,0.0,0.0,-0.18750000000000022,0.0,0.7499999999999991,0.0,0.0,-0.18750000000000025,0.0,-8.516832753858671e-07
-1.5000000000000016,0.0,0.0,-2.7500000000000013,0.0,0.0,0.0,-0.3124999999999991,0.0,0.0,-0.18749999999999956,0.0,0.7499999999999994,0.0,0.0,0.0,0.8124999999999999,-8.516832753710837e-07
-1.4999999999999993,0.0,0.0,-2.750000000000001,0.0,0.0,0.0,-0.3124999999999998,0.0,0.0,-0.1875000000000001,0.0,0.0,-0.18749999999999997,-0.6250000000000006,0.0,0.0,-8.516832754169354e-07
-1.5,0.0,0.0,-2.7500000000000018,0.0,0.0,0.0,-0.31249999999999933,0.0,0.0,-0.18750000000000067,0.0,0.0,-0.187499999999999,0.0,-0.18749999999999997,0.0,-8.516832753757e-07
-1.4999999999999987,0.0,0.0,-2.7500000000000004,0.0,0.0,0.0,-0.31249999999999845,0.0,0.0,-0.18749999999999933,0.0,0.0,-0.18749999999999867,0.0,0.0,0.8125000000000007,-8.516832755257067e-07
-1.4999999999999984,0.0,0.0,0.0,2.75,5.273559366969494e-16,0.0,0.0,-0.4999999999999994,0.0,0.0,-0.5624999999999984,0.0,0.0,-0.6250000000000002,0.0,0.0,-8.516832753994241e-07
-1.5000000000000004,0.0,0.0,0.0,2.7499999999999996,1.4988010832439613e-15,0.0,0.0,-0.5000000000000009,0.0,0.0,-0.5624999999999989,0.0,0.0,0.0,-0.18750000000000028,0.0,-8.516832754482032e-07
-1.4999999999999996,0.0,0.0,0.0,2.7499999999999996,3.885780586188048e-16,0.0,0.0,-0.49999999999999867,0.0,0.0,-0.5624999999999996,0.0,0.0,0.0,0.0,0.8124999999999991,-8.51683275394534e-07
-1.5000000000000007,0.0,0.0,0.0,2.75,1.915134717478395e-15,0.0,0.0,-0.5000000000000006,0.0,0.0,0.0,0.7499999999999986,0.0,-0.6249999999999997,0.0,0.0,-8.516832755179561e-07
-1.5000000000000007,0.0,0.0,0.0,2.7499999999999987,7.216449660063518e-16,0.0,0.0,-0.4999999999999996,0.0,0.0,0.0,0.7499999999999992,0.0,0.0,-0.18749999999999972,0.0,-8.516832753921661e-07
-1.5000000000000004,0.0,0.0,0.0,2.75,4.996003610813204e-16,0.0,0.0,-0.5000000000000004,0.0,0.0,0.0,0.749999999999999,0.0,0.0,0.0,0.8125000000000007,-8.516832755806997e-07
-1.4999999999999991,0.0,0.0,0.0,2.75,1.582067810090848e-15,0.0,0.0,-0.5,0.0,0.0,0.0,0.0,-0.18750000000000047,-0.6249999999999992,0.0,0.0,-8.516832755176004e-07
-1.4999999999999987,0.0,0.0,0.0,2.749999999999999,4.718447854656915e-16,0.0,0.0,-0.4999999999999991,0.0,0.0,0.0,0.0,-0.1875000000000002,0.0,-0.1875,0.0,-8.516832752360997e-07
-1.5,0.0,0.0,0.0,2.7499999999999996,7.216449660063518e-16,0.0,0.0,-0.49999999999999956,0.0,0.0,0.0,0.0,-0.18749999999999925,0.0,0.0,0.8124999999999999,-8.516832757342295e-07
-1.4999999999999993,0.0,0.0,0.0,2.7500000000000018,3.885780586188048e-16,0.0,0.0,0.0,0.6874999999999998,0.0,-0.5624999999999996,0.0,0.0,-0.6249999999999993,0.0,0.0,-8.516832753428726e-07
-1.4999999999999993,0.0,0.0,0.0,2.750000000000001,2.220446049250313e-16,0.0,0.0,0.0,0.6875000000000007,0.0,-0.5625,0.0,0.0,0.0,-0.1874999999999996,0.0,-8.516832753931135e-07
-1.5000000000000002,0.0,0.0,0.0,2.7500000000000004,5.273559366969494e-16,0.0,0.0,0.0,0.6875000000000009,0.0,-0.5625000000000002,0.0,0.0,0.0,0.0,0.8125000000000008,-8.516832755237502e-07
-1.4999999999999993,0.0,0.0,0.0,2.75,9.71445146547012e-16,0.0,0.0,0.0,0.6875000000000013,0.0,0.0,0.7500000000000007,0.0,-0.6249999999999991,0.0,0.0,-8.516832753874071e-07
-1.5000000000000007,0.0,0.0,0.0,2.75,8.881784197001252e-16,0.0,0.0,0.0,0.6874999999999993,0.0,0.0,0.7500000000000007,0.0,0.0,-0.18750000000000064,0.0,-8.516832753831698e-07
-1.5000000000000004,0.0,0.0,0.0,2.7499999999999996,1.2212453270876722e-15,0.0,0.0,0.0,0.6875,0.0,0.0,0.7500000000000013,0.0,0.0,0.0,0.8125000000000002,-8.516832753746971e-07
-1.4999999999999996,0.0,0.0,0.0,2.7499999999999996,1.1379786002407855e-15,0.0,0.0,0.0,0.6875,0.0,0.0,0.0,-0.18749999999999928,-0.6249999999999994,0.0,0.0,-8.516832754427443e-07
-1.5000000000000013,0.0,0.0,0.0,2.75,2.192690473634684e-15,0.0,0.0,0.0,0.6874999999999998,0.0,0.0,0.0,-0.18750000000000067,0.0,-0.1874999999999991,0.0,-8.516832752795833e-07
-1.5000000000000004,0.0,0.0,0.0,2.75,6.106226635438361e-16,0.0,0.0,0.0,0.6875000000000002,0.0,0.0,0.0,-0.18749999999999897,0.0,0.0,0.8124999999999998,-8.516832757009156e-07
-1.4999999999999996,0.0,0.0,0.0,2.750000000000001,4.440892098500626e-16,0.0,0.0,0.0,0.0,-0.18750000000000022,-0.5624999999999981,0.0,0.0,-0.6249999999999996,0.0,0.0,-8.516832754030566e-07
-1.5,0.0,0.0,0.0,2.75,2.7755575615628914e-17,0.0,0.0,0.0,0.0,-0.18750000000000022,-0.5624999999999986,0.0,0.0,0.0,-0.18749999999999922,0.0,-8.51683275572569e-07
-1.4999999999999996,0.0,0.0,0.0,2.75,1.3877787807814457e-16,0.0,0.0,0.0,0.0,-0.18749999999999933,-0.5624999999999998,0.0,0.0,0.0,0.0,0.8125000000000004,-8.516832753921665e-07
-1.4999999999999996,0.0,0.0,0.0,2.7500000000000013,9.992007221626409e-16,0.0,0.0,0.0,0.0,-0.18750000000000067,0.0,0.7499999999999987,0.0,-0.6249999999999988,0.0,0.0,-8.516832753931129e-07
-1.4999999999999998,0.0,0.0,0.0,2.750000000000001,4.440892098500626e-16,0.0,0.0,0.0,0.0,-0.1875000000000011,0.0,0.7499999999999998,0.0,0.0,-0.1874999999999992,0.0,-8.51683275389799e-07
-1.4999999999999998,0.0,0.0,0.0,2.7499999999999996,8.326672684688674e-16,0.0,0.0,0.0,0.0,-0.1875,0.0,0.7499999999999993,0.0,0.0,0.0,0.8125000000000001,-8.516832754731237e-07
-1.5000000000000009,0.0,0.0,0.0,2.749999999999999,6.106226635438361e-16,0.0,0.0,0.0,0.0,-0.18749999999999922,0.0,0.0,-0.1875000000000005,-0.6249999999999993,0.0,0.0,-8.516832752847537e-07
-1.4999999999999993,0.0,0.0,0.0,2.7499999999999996,1.5265566588595902e-15,0.0,0.0,0.0,0.0,-0.18749999999999956,0.0,0.0,-0.187499999999999,0.0,-0.18749999999999897,0.0,-8.516832753668993e-07
-1.4999999999999996,0.0,0.0,0.0,2.75,9.43689570931383e-16,0.0,0.0,0.0,0.0,-0.18749999999999978,0.0,0.0,-0.1875000000000003,0.0,0.0,0.8125000000000007,-8.516832755101241e-07
-1.5,0.0,0.0,0.0,2.75,0.0,0.31249999999999956,0.0,-0.5000000000000003,0.0,0.0,-0.5624999999999991,0.0,0.0,-0.6249999999999998,0.0,0.0,-8.516832755651616e-07
-1.5000000000000004,0.0,0.0,0.0,2.750000000000002,0.0,0.31249999999999867,0.0,-0.5000000000000001,0.0,0.0,-0.5624999999999988,0.0,0.0,0.0,-0.18750000000000017,0.0,-8.516832753997422e-07
-1.500000000000001,0.0,0.0,0.0,2.7500000000000004,0.0,0.3125,0.0,-0.4999999999999991,0.0,0.0,-0.5624999999999994,0.0,0.0,0.0,0.0,0.8125000000000001,-8.51683275405741e-07
-1.5000000000000007,0.0,0.0,0.0,2.7499999999999996,0.0,0.3124999999999991,0.0,-0.5000000000000004,0.0,0.0,0.0,0.7500000000000014,0.0,-0.6249999999999992,0.0,0.0,-8.516832753931129e-07
-1.5000000000000002,0.0,0.0,0.0,2.7500000000000004,0.0,0.31249999999999956,0.0,-0.4999999999999997,0.0,0.0,0.0,0.75,0.0,0.0,-0.18750000000000022,0.0,-8.516832751303132e-07
-1.4999999999999993,0.0,0.0,0.0,2.75,0.0,0.3125,0.0,-0.49999999999999883,0.0,0.0,0.0,0.7499999999999998,0.0,0.0,0.0,0.8125,-8.516832754904656e-07
-1.4999999999999998,0.0,0.0,0.0,2.75,0.0,0.3125000000000018,0.0,-0.5000000000000009,0.0,0.0,0.0,0.0,-0.1875000000000004,-0.6249999999999998,0.0,0.0,-8.516832755542933e-07
-1.499999999999999,0.0,0.0,0.0,2.750000000000001,0.0,0.31250000000000133,0.0,-0.4999999999999998,0.0,0.0,0.0,0.0,-0.1874999999999989,0.0,-0.18750000000000072,0.0,-8.516832752495906e-07
-1.4999999999999998,0.0,0.0,0.0,2.749999999999999,0.0,0.3125,0.0,-0.4999999999999999,0.0,0.0,0.0,0.0,-0.18749999999999836,0.0,0.0,0.8125,-8.516832753893254e-07
-1.5000000000000013,0.0,0.0,0.0,2.7500000000000004,0.0,0.31250000000000044,0.0,0.0,0.6874999999999998,0.0,-0.5624999999999987,0.0,0.0,-0.6249999999999993,0.0,0.0,-8.516832755104011e-07
-1.5000000000000013,0.0,0.0,0.0,2.7500000000000018,0.0,0.31249999999999867,0.0,0.0,0.6874999999999996,0.0,-0.5625000000000009,0.0,0.0,0.0,-0.18749999999999956,0.0,-8.516832755595051e-07
-1.5000000000000002,0.0,0.0,0.0,2.75,0.0,0.3125,0.0,0.0,0.6875,0.0,-0.5625000000000006,0.0,0.0,0.0,0.0,0.8125000000000006,-8.516832753831695e-07
-1.4999999999999996,0.0,0.0,0.0,2.75,0.0,0.31249999999999956,0.0,0.0,0.6875000000000002,0.0,0.0,0.749999999999999,0.0,-0.6249999999999997,0.0,0.0,-8.516832753860942e-07
-1.5000000000000004,0.0,0.0,0.0,2.749999999999999,0.0,0.31250000000000044,0.0,0.0,0.6874999999999996,0.0,0.0,0.7499999999999989,0.0,0.0,-0.18750000000000008,0.0,-8.516832753757095e-07
-1.5000000000000004,0.0,0.0,0.0,2.750000000000001,0.0,0.3125,0.0,0.0,0.6874999999999989,0.0,0.0,0.7499999999999987,0.0,0.0,0.0,0.8125000000000002,-8.51683275373226e-07
-1.4999999999999996,0.0,0.0,0.0,2.75,0.0,0.3125000000000009,0.0,0.0,0.6875000000000004,0.0,0.0,0.0,-0.1874999999999995,-0.6249999999999998,0.0,0.0,-8.516832753912196e-07
-1.5000000000000016,0.0,0.0,0.0,2.7500000000000018,0.0,0.3125000000000011,0.0,0.0,0.6874999999999982,0.0,0.0,0.0,-0.1875000000000002,0.0,-0.18749999999999947,0.0,-8.516832753879046e-07
-1.5000000000000004,0.0,0.0,0.0,2.750000000000001,0.0,0.31250000000000044,0.0,0.0,0.6874999999999984,0.0,0.0,0.0,-0.18749999999999972,0.0,0.0,0.8125000000000009,-8.516832757847622e-07
-1.4999999999999996,0.0,0.0,0.0,2.75,0.0,0.31250000000000133,0.0,0.0,0.0,-0.18749999999999922,-0.5624999999999999,0.0,0.0,-0.6249999999999989,0.0,0.0,-8.51683275400689e-07
-1.5000000000000009,0.0,0.0,0.0,2.750000000000001,0.0,0.31250000000000133,0.0,0.0,0.0,-0.1875000000000001,-0.5625000000000007,0.0,0.0,0.0,-0.18750000000000053,0.0,-8.516832755247414e-07
-1.500000000000001,0.0,0.0,0.0,2.7499999999999996,0.0,0.31250000000000044,0.0,0.0,0.0,-0.18749999999999978,-0.5624999999999999,0.0,0.0,0.0,0.0,0.8125000000000013,-8.516832755271834e-07
-1.4999999999999987,0.0,0.0,0.0,2.7499999999999996,0.0,0.3125,0.0,0.0,0.0,-0.18750000000000044,0.0,0.7499999999999989,0.0,-0.6249999999999987,0.0,0.0,-8.516832754327728e-07
-1.5,0.0,0.0,0.0,2.75,0.0,0.3124999999999989,0.0,0.0,0.0,-0.1874999999999989,0.0,0.7499999999999991,0.0,0.0,-0.1874999999999999,0.0,-8.516832753245772e-07
-1.5000000000000013,0.0,0.0,0.0,2.7500000000000013,0.0,0.31249999999999933,0.0,0.0,0.0,-0.18749999999999956,0.0,0.7500000000000003,0.0,0.0,0.0,0.8125000000000008,-8.516832755760285e-07
-1.5000000000000004,0.0,0.0,0.0,2.75,0.0,0.3125,0.0,0.0,0.0,-0.1874999999999999,0.0,0.0,-0.18749999999999964,-0.6249999999999991,0.0,0.0,-8.516832754102234e-07
-1.4999999999999993,0.0,0.0,0.0,2.749999999999999,0.0,0.3125000000000009,0.0,0.0,0.0,-0.1875000000000009,0.0,0.0,-0.18749999999999817,0.0,-0.187500000000001,0.0,-8.516832755870027e-07
-1.5000000000000009,0.0,0.0,0.0,2.7500000000000004,0.0,0.3124999999999991,0.0,0.0,0.0,-0.1875,0.0,0.0,-0.18749999999999914,0.0,0.0,0.8124999999999998,-8.516832751017138e-07
-1.4999999999999991,0.0,0.0,0.0,2.749999999999999,0.0,0.0,-0.3124999999999998,-0.49999999999999867,0.0,0.0,-0.5625000000000001,0.0,0.0,-0.6249999999999991,0.0,0.0,-8.516832756332891e-07
-1.4999999999999982,0.0,0.0,0.0,2.7500000000000004,0.0,0.0,-0.31250000000000044,-0.4999999999999985,0.0,0.0,-0.5624999999999991,0.0,0.0,0.0,-0.18749999999999958,0.0,-8.516832752917575e-07
-1.4999999999999998,0.0,0.0,0.0,2.7499999999999996,0.0,0.0,-0.3125000000000011,-0.4999999999999995,0.0,0.0,-0.5624999999999999,0.0,0.0,0.0,0.0,0.8125,-8.516832753969015e-07
-1.5000000000000009,0.0,0.0,0.0,2.75,0.0,0.0,-0.3125,-0.5000000000000001,0.0,0.0,0.0,0.7499999999999993,0.0,-0.6249999999999992,0.0,0.0,-8.516832757033723e-07
-1.5,0.0,0.0,0.0,2.75,0.0,0.0,-0.31250000000000044,-0.4999999999999996,0.0,0.0,0.0,0.7499999999999998,0.0,0.0,-0.18749999999999822,0.0,-8.516832754267158e-07
-1.4999999999999996,0.0,0.0,0.0,2.7500000000000004,0.0,0.0,-0.3125000000000002,-0.49999999999999944,0.0,0.0,0.0,0.7499999999999991,0.0,0.0,0.0,0.8124999999999989,-8.516832751378618e-07
-1.5000000000000002,0.0,0.0,0.0,2.749999999999999,0.0,0.0,-0.31249999999999956,-0.499999999999999,0.0,0.0,0.0,0.0,-0.18749999999999972,-0.6249999999999996,0.0,0.0,-8.516832754110545e-07
-1.4999999999999991,0.0,0.0,0.0,2.7500000000000013,0.0,0.0,-0.31250000000000067,-0.5000000000000003,0.0,0.0,0.0,0.0,-0.18749999999999953,0.0,-0.18750000000000056,0.0,-8.51683275401636e-07
-1.4999999999999991,0.0,0.0,0.0,2.7500000000000004,0.0,0.0,-0.3124999999999982,-0.49999999999999933,0.0,0.0,0.0,0.0,-0.18749999999999972,0.0,0.0,0.8125000000000011,-8.516832753940599e-07
-1.499999999999999,0.0,0.0,0.0,2.75,0.0,0.0,-0.31249999999999845,0.0,0.6874999999999991,0.0,-0.5624999999999998,0.0,0.0,-0.6250000000000004,0.0,0.0,-8.516832753963982e-07
-1.499999999999999,0.0,0.0,0.0,2.749999999999999,0.0,0.0,-0.3125000000000002,0.0,0.6874999999999996,0.0,-0.5624999999999973,0.0,0.0,0.0,-0.18750000000000003,0.0,-8.516832754467255e-07
-1.5000000000000004,0.0,0.0,0.0,2.749999999999999,0.0,0.0,-0.31249999999999956,0.0,0.6875000000000022,0.0,-0.5624999999999987,0.0,0.0,0.0,0.0,0.8124999999999996,-8.516832757807404e-07
-1.4999999999999996,0.0,0.0,0.0,2.7500000000000004,0.0,0.0,-0.3124999999999998,0.0,0.6875000000000009,0.0,0.0,0.75,0.0,-0.6249999999999999,0.0,0.0,-8.516832754251829e-07
-1.4999999999999996,0.0,0.0,0.0,2.75,0.0,0.0,-0.3125,0.0,0.6875000000000002,0.0,0.0,0.7500000000000003,0.0,0.0,-0.1875,0.0,-8.516832753613723e-07
-1.5000000000000009,0.0,0.0,0.0,2.7499999999999996,0.0,0.0,-0.31250000000000133,0.0,0.6875000000000011,0.0,0.0,0.7499999999999998,0.0,0.0,0.0,0.8124999999999997,-8.516832753779612e-07
-1.4999999999999998,0.0,0.0,0.0,2.7500000000000004,0.0,0.0,-0.3125,0.0,0.6874999999999996,0.0,0.0,0.0,-0.18749999999999883,-0.6249999999999993,0.0,0.0,-8.516832755949174e-07
-1.5,0.0,0.0,0.0,2.75,0.0,0.0,-0.31249999999999933,0.0,0.6875000000000002,0.0,0.0,0.0,-0.18749999999999956,0.0,-0.1874999999999987,0.0,-8.516832753337933e-07
-1.5,0.0,0.0,0.0,2.75,0.0,0.0,-0.3125000000000002,0.0,0.6874999999999996,0.0,0.0,0.0,-0.18750000000000128,0.0,0.0,0.8125000000000016,-8.516832753850635e-07
-1.4999999999999998,0.0,0.0,0.0,2.750000000000001,0.0,0.0,-0.31249999999999956,0.0,0.0,-0.18750000000000022,-0.5625000000000002,0.0,0.0,-0.6249999999999989,0.0,0.0,-8.516832754054236e-07
-1.5000000000000002,0.0,0.0,0.0,2.7500000000000004,0.0,0.0,-0.3124999999999989,0.0,0.0,-0.18749999999999944,-0.5625000000000003,0.0,0.0,0.0,-0.18750000000000036,0.0,-8.516832753919961e-07
-1.4999999999999987,0.0,0.0,0.0,2.7499999999999982,0.0,0.0,-0.31249999999999933,0.0,0.0,-0.18749999999999978,-0.5624999999999988,0.0,0.0,0.0,0.0,0.8125000000000004,-8.516832753945336e-07
-1.4999999999999996,0.0,0.0,0.0,2.7500000000000004,0.0,0.0,-0.3125,0.0,0.0,-0.18750000000000067,0.0,0.75,0.0,-0.6249999999999996,0.0,0.0,-8.516832753954808e-07
-1.5000000000000009,0.0,0.0,0.0,2.75,0.0,0.0,-0.3125,0.0,0.0,-0.18750000000000044,0.0,0.7499999999999989,0.0,0.0,-0.18750000000000028,0.0,-8.516832754097309e-07
-1.4999999999999996,0.0,0.0,0.0,2.75,0.0,0.0,-0.3124999999999991,0.0,0.0,-0.18749999999999978,0.0,0.7499999999999984,0.0,0.0,0.0,0.8125000000000009,-8.516832752298706e-07
-1.4999999999999996,0.0,0.0,0.0,2.750000000000001,0.0,0.0,-0.31249999999999933,0.0,0.0,-0.18750000000000022,0.0,0.0,-0.18749999999999908,-0.6249999999999991,0.0,0.0,-8.516832753397466e-07
-1.4999999999999982,0.0,0.0,0.0,2.7499999999999996,0.0,0.0,-0.3124999999999998,0.0,0.0,-0.18749999999999956,0.0,0.0,-0.18749999999999967,0.0,-0.18750000000000025,0.0,-8.516832753854633e-07
-1.4999999999999996,0.0,0.0,0.0,2.749999999999999,0.0,0.0,-0.31249999999999867,0.0,0.0,-0.1875000000000009,0.0,0.0,-0.187499999999999,0.0,0.0,0.8124999999999999,-8.516832753916927e-07
0.0,0.875000000000002,0.0,-2.750000000000001,0.0,-6.661338147750939e-16,0.0,0.0,-0.49999999999999956,0.0,0.0,-0.5624999999999991,0.0,0.0,-0.625,0.0,0.0,-8.516832753846788e-07
0.0,0.8749999999999996,0.0,-2.7500000000000018,0.0,6.661338147750939e-16,0.0,0.0,-0.4999999999999999,0.0,0.0,-0.5624999999999996,0.0,0.0,0.0,-0.1875000000000006,0.0,-8.516832753830406e-07
0.0,0.8750000000000002,0.0,-2.7499999999999996,0.0,-1.6653345369377348e-16,0.0,0.0,-0.49999999999999806,0.0,0.0,-0.562499999999998,0.0,0.0,0.0,0.0,0.8125000000000011,-8.516832753019041e-07
0.0,0.8750000000000013,0.0,-2.750000000000001,0.0,-4.440892098500626e-16,0.0,0.0,-0.49999999999999967,0.0,0.0,0.0,0.7499999999999978,0.0,-0.6249999999999998,0.0,0.0,-8.516832754157389e-07
0.0,0.8750000000000024,0.0,-2.7500000000000013,0.0,8.326672684688674e-16,0.0,0.0,-0.5000000000000007,0.0,0.0,0.0,0.7499999999999994,0.0,0.0,-0.18750000000000172,0.0,-8.51683275410364e-07
0.0,0.8750000000000018,0.0,-2.750000000000001,0.0,-9.159339953157541e-16,0.0,0.0,-0.5000000000000003,0.0,0.0,0.0,0.7499999999999991,0.0,0.0,0.0,0.8125000000000008,-8.516832754468961e-07
0.0,0.8750000000000013,0.0,-2.750000000000001,0.0,1.6653345369377348e-16,0.0,0.0,-0.4999999999999995,0.0,0.0,0.0,0.0,-0.18749999999999942,-0.6249999999999998,0.0,0.0,-8.516832753455308e-07
0.0,0.8750000000000016,0.0,-2.750000000000001,0.0,-3.885780586188048e-16,0.0,0.0,-0.5000000000000002,0.0,0.0,0.0,0.0,-0.18749999999999994,0.0,-0.1875000000000004,0.0,-8.516832754011377e-07
0.0,0.8750000000000016,0.0,-2.7500000000000013,0.0,4.996003610813204e-16,0.0,0.0,-0.5000000000000011,0.0,0.0,0.0,0.0,-0.18749999999999956,0.0,0.0,0.8124999999999999,-8.5168327521193e-07
0.0,0.8750000000000001,0.0,-2.750000000000001,0.0,-1.3877787807814457e-16,0.0,0.0,0.0,0.6875000000000004,0.0,-0.5624999999999989,0.0,0.0,-0.6249999999999989,0.0,0.0,-8.51683275386927e-07
0.0,0.8750000000000011,0.0,-2.7500000000000004,0.0,1.1102230246251565e-16,0.0,0.0,0.0,0.6875,0.0,-0.5624999999999994,0.0,0.0,0.0,-0.18749999999999986,0.0,-8.516832751935236e-07
0.0,0.8750000000000018,0.0,-2.7500000000000004,0.0,-4.996003610813204e-16,0.0,0.0,0.0,0.6874999999999998,0.0,-0.5624999999999996,0.0,0.0,0.0,0.0,0.8125000000000001,-8.516832754818463e-07
0.0,0.8750000000000013,0.0,-2.7500000000000018,0.0,-3.3306690738754696e-16,0.0,0.0,0.0,0.6874999999999996,0.0,0.0,0.7499999999999999,0.0,-0.6249999999999973,0.0,0.0,-8.516832753550017e-07
0.0,0.8750000000000002,0.0,-2.7500000000000004,0.0,-5.551115123125783e-16,0.0,0.0,0.0,0.6874999999999993,0.0,0.0,0.75,0.0,0.0,-0.18750000000000147,0.0,-8.516832750430987e-07
0.0,0.8750000000000011,0.0,-2.7500000000000013,0.0,-6.38378239159465e-16,0.0,0.0,0.0,0.6875,0.0,0.0,0.7499999999999992,0.0,0.0,0.0,0.8125000000000004,-8.516832754023597e-07
0.0,0.8750000000000019,0.0,-2.750000000000001,0.0,-4.163336342344337e-16,0.0,0.0,0.0,0.6874999999999998,0.0,0.0,0.0,-0.18749999999999942,-0.624999999999999,0.0,0.0,-8.516832753912062e-07
0.0,0.8750000000000003,0.0,-2.7500000000000013,0.0,5.551115123125783e-17,0.0,0.0,0.0,0.6875000000000022,0.0,0.0,0.0,-0.18749999999999928,0.0,-0.18749999999999972,0.0,-8.516832752461933e-07
0.0,0.8750000000000013,0.0,-2.750000000000002,0.0,4.996003610813204e-16,0.0,0.0,0.0,0.6875000000000007,0.0,0.0,0.0,-0.18750000000000022,0.0,0.0,0.8125000000000004,-8.516832751440295e-07
0.0,0.8750000000000016,0.0,-2.750000000000002,0.0,-5.551115123125783e-16,0.0,0.0,0.0,0.0,-0.18750000000000022,-0.5624999999999998,0.0,0.0,-0.6250000000000003,0.0,0.0,-8.516832753753953e-07
0.0,0.8750000000000029,0.0,-2.750000000000001,0.0,-1.1657341758564144e-15,0.0,0.0,0.0,0.0,-0.18749999999999956,-0.5624999999999998,0.0,0.0,0.0,-0.18749999999999922,0.0,-8.516832753846584e-07
0.0,0.8750000000000004,0.0,-2.7500000000000013,0.0,-6.106226635438361e-16,0.0,0.0,0.0,0.0,-0.18749999999999933,-0.5624999999999989,0.0,0.0,0.0,0.0,0.8125000000000008,-8.516832754072373e-07
0.0,0.8750000000000013,0.0,-2.7500000000000004,0.0,-2.220446049250313e-16,0.0,0.0,0.0,0.0,-0.1875000000000011,0.0,0.7500000000000014,0.0,-0.6249999999999986,0.0,0.0,-8.516832753891941e-07
0.0,0.8750000000000013,0.0,-2.7500000000000004,0.0,-3.885780586188048e-16,0.0,0.0,0.0,0.0,-0.18749999999999978,0.0,0.7500000000000004,0.0,0.0,-0.1875000000000007,0.0,-8.516832754585415e-07
0.0,0.8749999999999999,0.0,-2.75,0.0,5.551115123125783e-17,0.0,0.0,0.0,0.0,-0.18750000000000022,0.0,0.7500000000000004,0.0,0.0,0.0,0.8125000000000007,-8.516832753955868e-07
0.0,0.8750000000000026,0.0,-2.750000000000001,0.0,-1.1102230246251565e-16,0.0,0.0,0.0,0.0,-0.18750000000000022,0.0,0.0,-0.18750000000000097,-0.6249999999999986,0.0,0.0,-8.516832753843349e-07
0.0,0.8750000000000016,0.0,-2.750000000000001,0.0,-2.7755575615628914e-16,0.0,0.0,0.0,0.0,-0.18749999999999967,0.0,0.0,-0.18749999999999978,0.0,-0.1874999999999997,0.0,-8.516832754112082e-07
0.0,0.8750000000000016,0.0,-2.750000000000001,0.0,7.771561172376096e-16,0.0,0.0,0.0,0.0,-0.18750000000000044,0.0,0.0,-0.1874999999999999,0.0,0.0,0.8125000000000002,-8.516832752056961e-07
0.0,0.8750000000000011,0.0,-2.750000000000001,0.0,0.0,0.31250000000000044,0.0,-0.4999999999999998,0.0,0.0,-0.5624999999999992,0.0,0.0,-0.6249999999999996,0.0,0.0,-8.516832752252642e-07
0.0,0.8750000000000006,0.0,-2.750000000000001,0.0,0.0,0.31250000000000067,0.0,-0.5000000000000007,0.0,0.0,-0.5624999999999978,0.0,0.0,0.0,-0.18749999999999967,0.0,-8.516832752983989e-07
0.0,0.8749999999999998,0.0,-2.750000000000001,0.0,0.0,0.3125000000000018,0.0,-0.4999999999999998,0.0,0.0,-0.5624999999999982,0.0,0.0,0.0,0.0,0.8124999999999997,-8.51683275408722e-07
0.0,0.8750000000000002,0.0,-2.750000000000001,0.0,0.0,0.3125000000000009,0.0,-0.49999999999999956,0.0,0.0,0.0,0.7499999999999998,0.0,-0.6249999999999992,0.0,0.0,-8.51683275315956e-07
0.0,0.8749999999999998,0.0,-2.750000000000001,0.0,0.0,0.3125000000000018,0.0,-0.49999999999999967,0.0,0.0,0.0,0.7499999999999993,0.0,0.0,-0.18750000000000064,0.0,-8.516832753914613e-07
0.0,0.8750000000000008,0.0,-2.7500000000000013,0.0,0.0,0.31250000000000044,0.0,-0.5000000000000001,0.0,0.0,0.0,0.75,0.0,0.0,0.0,0.8125000000000007,-8.516832754140964e-07
0.0,0.8750000000000022,0.0,-2.7500000000000018,0.0,0.0,0.3125000000000002,0.0,-0.5000000000000003,0.0,0.0,0.0,0.0,-0.1874999999999996,-0.6249999999999996,0.0,0.0,-8.516832751607449e-07
0.0,0.875,0.0,-2.7499999999999996,0.0,0.0,0.3125000000000011,0.0,-0.5000000000000004,0.0,0.0,0.0,0.0,-0.1874999999999986,0.0,-0.1874999999999991,0.0,-8.516832752096733e-07
0.0,0.8750000000000001,0.0,-2.750000000000001,0.0,0.0,0.3125000000000009,0.0,-0.49999999999999933,0.0,0.0,0.0,0.0,-0.18749999999999964,0.0,0.0,0.8125000000000007,-8.516832754398592e-07
0.0,0.8750000000000007,0.0,-2.75,0.0,0.0,0.31250000000000044,0.0,0.0,0.6875000000000009,0.0,-0.5624999999999998,0.0,0.0,-0.6250000000000007,0.0,0.0,-8.5168327553823e-07
0.0,0.875000000000002,0.0,-2.7500000000000013,0.0,0.0,0.31250000000000044,0.0,0.0,0.6875000000000004,0.0,-0.5624999999999984,0.0,0.0,0.0,-0.1875000000000003,0.0,-8.516832753908119e-07
0.0,0.8750000000000002,0.0,-2.749999999999999,0.0,0.0,0.3125,0.0,0.0,0.6875000000000004,0.0,-0.5625,0.0,0.0,0.0,0.0,0.8125,-8.516832753586164e-07
0.0,0.8750000000000002,0.0,-2.7500000000000004,0.0,0.0,0.31250000000000133,0.0,0.0,0.6875000000000011,0.0,0.0,0.7499999999999991,0.0,-0.6249999999999974,0.0,0.0,-8.51683275320131e-07
0.0,0.8750000000000009,0.0,-2.7500000000000018,0.0,0.0,0.3125000000000002,0.0,0.0,0.6875000000000004,0.0,0.0,0.7499999999999993,0.0,0.0,-0.18750000000000105,0.0,-8.516832751640174e-07
0.0,0.8750000000000004,0.0,-2.7500000000000013,0.0,0.0,0.3125000000000009,0.0,0.0,0.6875000000000002,0.0,0.0,0.7499999999999996,0.0,0.0,0.0,0.8125000000000013,-8.516832754635771e-07
0.0,0.875000000000001,0.0,-2.75,0.0,0.0,0.31249999999999956,0.0,0.0,0.6875000000000009,0.0,0.0,0.0,-0.1874999999999997,-0.625,0.0,0.0,-8.516832755164584e-07
0.0,0.8750000000000008,0.0,-2.750000000000001,0.0,0.0,0.312500000000002,0.0,0.0,0.6874999999999998,0.0,0.0,0.0,-0.18749999999999944,0.0,-0.18750000000000033,0.0,-8.516832753024531e-07
0.0,0.8749999999999999,0.0,-2.7500000000000018,0.0,0.0,0.3125000000000011,0.0,0.0,0.687500000000002,0.0,0.0,0.0,-0.1874999999999998,0.0,0.0,0.8125000000000004,-8.516832752203795e-07
0.0,0.8750000000000024,0.0,-2.750000000000001,0.0,0.0,0.31250000000000133,0.0,0.0,0.0,-0.18750000000000067,-0.5625000000000004,0.0,0.0,-0.6249999999999998,0.0,0.0,-8.516832751340422e-07
0.0,0.8750000000000024,0.0,-2.750000000000001,0.0,0.0,0.3125000000000011,0.0,0.0,0.0,-0.18750000000000022,-0.5624999999999999,0.0,0.0,0.0,-0.18750000000000072,0.0,-8.516832753862778e-07
0.0,0.8750000000000014,0.0,-2.7500000000000004,0.0,0.0,0.3125000000000018,0.0,0.0,0.0,-0.18749999999999978,-0.5625000000000007,0.0,0.0,0.0,0.0,0.8125000000000001,-8.516832754885968e-07
0.0,0.8749999999999997,0.0,-2.75,0.0,0.0,0.3125000000000009,0.0,0.0,0.0,-0.18749999999999956,0.0,0.749999999999999,0.0,-0.624999999999998,0.0,0.0,-8.516832755163577e-07
0.0,0.8750000000000009,0.0,-2.750000000000001,0.0,0.0,0.31250000000000044,0.0,0.0,0.0,-0.1875000000000009,0.0,0.7499999999999998,0.0,0.0,-0.18750000000000044,0.0,-8.516832754435967e-07
0.0,0.875,0.0,-2.75,0.0,0.0,0.31250000000000155,0.0,0.0,0.0,-0.18750000000000178,0.0,0.7499999999999994,0.0,0.0,0.0,0.8124999999999999,-8.516832753982626e-07
0.0,0.8750000000000017,0.0,-2.75,0.0,0.0,0.3125000000000018,0.0,0.0,0.0,-0.18749999999999978,0.0,0.0,-0.18749999999999947,-0.6249999999999993,0.0,0.0,-8.516832754050873e-07
0.0,0.875000000000002,0.0,-2.750000000000002,0.0,0.0,0.3125000000000022,0.0,0.0,0.0,-0.18750000000000022,0.0,0.0,-0.18749999999999903,0.0,-0.18749999999999994,0.0,-8.516832753892178e-07
0.0,0.875000000000001,0.0,-2.750000000000001,0.0,0.0,0.31250000000000133,0.0,0.0,0.0,-0.18750000000000067,0.0,0.0,-0.18749999999999875,0.0,0.0,0.8125000000000014,-8.516832754023812e-07
0.0,0.8750000000000013,0.0,-2.75,0.0,0.0,0.0,-0.31250000000000067,-0.49999999999999994,0.0,0.0,-0.5624999999999997,0.0,0.0,-0.6249999999999998,0.0,0.0,-8.51683275379153e-07
0.0,0.8750000000000028,0.0,-2.7500000000000004,0.0,0.0,0.0,-0.3125,-0.5,0.0,0.0,-0.5624999999999998,0.0,0.0,0.0,-0.18749999999999986,0.0,-8.516832753856965e-07
0.0,0.8750000000000031,0.0,-2.750000000000002,0.0,0.0,0.0,-0.3125000000000002,-0.5,0.0,0.0,-0.5625000000000002,0.0,0.0,0.0,0.0,0.8125000000000004,-8.51683275120866e-07
0.0,0.875000000000002,0.0,-2.750000000000001,0.0,0.0,0.0,-0.31250000000000067,-0.4999999999999997,0.0,0.0,0.0,0.749999999999999,0.0,-0.6249999999999986,0.0,0.0,-8.516832753859546e-07
0.0,0.8750000000000018,0.0,-2.7500000000000004,0.0,0.0,0.0,-0.3125000000000011,-0.49999999999999917,0.0,0.0,0.0,0.7499999999999992,0.0,0.0,-0.18750000000000047,0.0,-8.516832750933416e-07
0.0,0.8750000000000016,0.0,-2.7500000000000004,0.0,0.0,0.0,-0.31249999999999956,-0.5000000000000002,0.0,0.0,0.0,0.7499999999999989,0.0,0.0,0.0,0.8125000000000002,-8.516832754979446e-07
0.0,0.8750000000000019,0.0,-2.75,0.0,0.0,0.0,-0.3125,-0.49999999999999956,0.0,0.0,0.0,0.0,-0.1874999999999994,-0.6249999999999996,0.0,0.0,-8.516832753810958e-07
0.0,0.8750000000000016,0.0,-2.7500000000000004,0.0,0.0,0.0,-0.31249999999999956,-0.4999999999999988,0.0,0.0,0.0,0.0,-0.18749999999999933,0.0,-0.1874999999999988,0.0,-8.51683275402931e-07
0.0,0.875000000000001,0.0,-2.75,0.0,0.0,0.0,-0.3125000000000009,-0.49999999999999994,0.0,0.0,0.0,0.0,-0.18749999999999933,0.0,0.0,0.8125000000000009,-8.516832752657168e-07
0.0,0.8750000000000004,0.0,-2.750000000000001,0.0,0.0,0.0,-0.3124999999999998,0.0,0.6875000000000007,0.0,-0.562499999999999,0.0,0.0,-0.6249999999999996,0.0,0.0,-8.516832751619553e-07
0.0,0.875000000000001,0.0,-2.750000000000001,0.0,0.0,0.0,-0.31250000000000067,0.0,0.6875000000000007,0.0,-0.5624999999999999,0.0,0.0,0.0,-0.18750000000000036,0.0,-8.516832754000363e-07
0.0,0.8750000000000002,0.0,-2.750000000000002,0.0,0.0,0.0,-0.31249999999999933,0.0,0.6875,0.0,-0.5624999999999999,0.0,0.0,0.0,0.0,0.8125000000000002,-8.516832753603429e-07
0.0,0.8750000000000016,0.0,-2.7500000000000013,0.0,0.0,0.0,-0.31250000000000044,0.0,0.6874999999999996,0.0,0.0,0.7499999999999982,0.0,-0.6249999999999991,0.0,0.0,-8.516832751747565e-07
0.0,0.8750000000000014,0.0,-2.750000000000001,0.0,0.0,0.0,-0.3125000000000002,0.0,0.6874999999999998,0.0,0.0,0.7499999999999981,0.0,0.0,-0.1875000000000005,0.0,-8.516832753943749e-07
0.0,0.8750000000000004,0.0,-2.7500000000000013,0.0,0.0,0.0,-0.3124999999999998,0.0,0.6874999999999998,0.0,0.0,0.7499999999999998,0.0,0.0,0.0,0.8125000000000004,-8.516832753825642e-07
0.0,0.8750000000000016,0.0,-2.750000000000001,0.0,0.0,0.0,-0.3125000000000002,0.0,0.6875000000000002,0.0,0.0,0.0,-0.1874999999999995,-0.6249999999999996,0.0,0.0,-8.516832753501698e-07
0.0,0.8750000000000018,0.0,-2.750000000000001,0.0,0.0,0.0,-0.3124999999999989,0.0,0.6875000000000002,0.0,0.0,0.0,-0.18749999999999875,0.0,-0.18749999999999978,0.0,-8.516832751788729e-07
0.0,0.8750000000000014,0.0,-2.750000000000001,0.0,0.0,0.0,-0.31249999999999933,0.0,0.6875,0.0,0.0,0.0,-0.18749999999999967,0.0,0.0,0.8125000000000009,-8.516832753343861e-07
0.0,0.8750000000000022,0.0,-2.7500000000000004,0.0,0.0,0.0,-0.31249999999999933,0.0,0.0,-0.18750000000000033,-0.5624999999999991,0.0,0.0,-0.6249999999999994,0.0,0.0,-8.516832753807716e-07
0.0,0.8750000000000032,0.0,-2.750000000000001,0.0,0.0,0.0,-0.3125000000000002,0.0,0.0,-0.18749999999999967,-0.5624999999999999,0.0,0.0,0.0,-0.18750000000000044,0.0,-8.516832753853234e-07
0.0,0.8750000000000008,0.0,-2.7500000000000018,0.0,0.0,0.0,-0.31250000000000044,0.0,0.0,-0.18749999999999944,-0.5625,0.0,0.0,0.0,0.0,0.8124999999999998,-8.516832753550456e-07
0.0,0.875000000000002,0.0,-2.750000000000001,0.0,0.0,0.0,-0.3125000000000009,0.0,0.0,-0.1875,0.0,0.7499999999999993,0.0,-0.624999999999999,0.0,0.0,-8.516832753875732e-07
0.0,0.875000000000001,0.0,-2.7500000000000013,0.0,0.0,0.0,-0.3125,0.0,0.0,-0.18749999999999922,0.0,0.7499999999999998,0.0,0.0,-0.18749999999999972,0.0,-8.516832753898419e-07
0.0,0.8750000000000011,0.0,-2.7500000000000018,0.0,0.0,0.0,-0.3124999999999998,0.0,0.0,-0.18750000000000044,0.0,0.7499999999999986,0.0,0.0,0.0,0.812500000000001,-8.516832753526302e-07
0.0,0.8750000000000009,0.0,-2.75,0.0,0.0,0.0,-0.3125,0.0,0.0,-0.18749999999999933,0.0,0.0,-0.18749999999999892,-0.6249999999999981,0.0,0.0,-8.516832752658907e-07
0.0,0.8750000000000003,0.0,-2.7499999999999996,0.0,0.0,0.0,-0.31249999999999933,0.0,0.0,-0.18749999999999944,0.0,0.0,-0.18749999999999906,0.0,-0.18750000000000094,0.0,-8.516832753305643e-07
0.0,0.8750000000000016,0.0,-2.750000000000001,0.0,0.0,0.0,-0.3124999999999998,0.0,0.0,-0.18749999999999933,0.0,0.0,-0.18749999999999986,0.0,0.0,0.8125000000000002,-8.516832752993101e-07
0.0,0.8750000000000009,0.0,0.0,2.750000000000001,3.3306690738754696e-16,0.0,0.0,-0.4999999999999989,0.0,0.0,-0.5625000000000002,0.0,0.0,-0.6249999999999999,0.0,0.0,-8.516832752503146e-07
0.0,0.8749999999999988,0.0,0.0,2.7500000000000018,-9.43689570931383e-16,0.0,0.0,-0.5000000000000007,0.0,0.0,-0.5625000000000004,0.0,0.0,0.0,-0.18750000000000094,0.0,-8.516832754866097e-07
0.0,0.8749999999999991,0.0,0.0,2.7500000000000018,5.551115123125783e-17,0.0,0.0,-0.4999999999999999,0.0,0.0,-0.5625000000000011,0.0,0.0,0.0,0.0,0.8125000000000011,-8.516832755609422e-07
0.0,0.8749999999999987,0.0,0.0,2.7499999999999996,-8.049116928532385e-16,0.0,0.0,-0.49999999999999956,0.0,0.0,0.0,0.7499999999999988,0.0,-0.6250000000000008,0.0,0.0,-8.516832753774864e-07
0.0,0.875,0.0,0.0,2.7500000000000027,8.881784197001252e-16,0.0,0.0,-0.5000000000000004,0.0,0.0,0.0,0.7499999999999989,0.0,0.0,-0.18750000000000014,0.0,-8.516832753741739e-07
0.0,0.8750000000000004,0.0,0.0,2.7500000000000013,6.38378239159465e-16,0.0,0.0,-0.4999999999999999,0.0,0.0,0.0,0.7499999999999992,0.0,0.0,0.0,0.8125000000000009,-8.516832754325199e-07
0.0,0.8750000000000017,0.0,0.0,2.7500000000000004,5.828670879282072e-16,0.0,0.0,-0.4999999999999996,0.0,0.0,0.0,0.0,-0.18749999999999933,-0.6249999999999994,0.0,0.0,-8.516832753081231e-07
0.0,0.875,0.0,0.0,2.75,5.551115123125783e-17,0.0,0.0,-0.5,0.0,0.0,0.0,0.0,-0.18749999999999944,0.0,-0.1874999999999995,0.0,-8.516832753753142e-07
0.0,0.8749999999999996,0.0,0.0,2.7500000000000013,4.718447854656915e-16,0.0,0.0,-0.5000000000000001,0.0,0.0,0.0,0.0,-0.18749999999999864,0.0,0.0,0.8124999999999997,-8.516832752822524e-07
0.0,0.8749999999999992,0.0,0.0,2.75,-2.7755575615628914e-16,0.0,0.0,0.0,0.6874999999999989,0.0,-0.5624999999999996,0.0,0.0,-0.6249999999999996,0.0,0.0,-8.516832754903683e-07
0.0,0.8750000000000002,0.0,0.0,2.75,9.43689570931383e-16,0.0,0.0,0.0,0.6875000000000007,0.0,-0.5625,0.0,0.0,0.0,-0.18750000000000064,0.0,-8.516832752646238e-07
0.0,0.8749999999999992,0.0,0.0,2.7499999999999982,-7.216449660063518e-16,0.0,0.0,0.0,0.6875000000000004,0.0,-0.5624999999999993,0.0,0.0,0.0,0.0,0.8125000000000007,-8.516832754075732e-07
0.0,0.8750000000000004,0.0,0.0,2.749999999999999,-1.1102230246251565e-15,0.0,0.0,0.0,0.6874999999999996,0.0,0.0,0.7499999999999983,0.0,-0.6249999999999999,0.0,0.0,-8.51683275238882e-07
0.0,0.8750000000000009,0.0,0.0,2.7499999999999996,-8.049116928532385e-16,0.0,0.0,0.0,0.6874999999999998,0.0,0.0,0.7499999999999996,0.0,0.0,-0.18750000000000058,0.0,-8.516832753651775e-07
0.0,0.8750000000000003,0.0,0.0,2.750000000000001,1.1934897514720433e-15,0.0,0.0,0.0,0.6875,0.0,0.0,0.7499999999999982,0.0,0.0,0.0,0.8125000000000007,-8.516832753576017e-07
0.0,0.8750000000000004,0.0,0.0,2.750000000000001,3.608224830031759e-16,0.0,0.0,0.0,0.6874999999999998,0.0,0.0,0.0,-0.18750000000000006,-0.6249999999999994,0.0,0.0,-8.516832753755946e-07
0.0,0.8750000000000011,0.0,0.0,2.750000000000001,2.220446049250313e-16,0.0,0.0,0.0,0.6874999999999991,0.0,0.0,0.0,-0.18749999999999978,0.0,-0.18749999999999978,0.0,-8.516832754284185e-07
0.0,0.8750000000000004,0.0,0.0,2.7500000000000018,-2.7755575615628914e-17,0.0,0.0,0.0,0.6875,0.0,0.0,0.0,-0.18750000000000017,0.0,0.0,0.8125000000000003,-8.51683275372293e-07
0.0,0.8750000000000007,0.0,0.0,2.7500000000000018,2.220446049250313e-16,0.0,0.0,0.0,0.0,-0.18749999999999978,-0.5624999999999991,0.0,0.0,-0.6250000000000002,0.0,0.0,-8.516832753039332e-07
0.0,0.8750000000000003,0.0,0.0,2.7500000000000004,7.771561172376096e-16,0.0,0.0,0.0,0.0,-0.18750000000000044,-0.562499999999999,0.0,0.0,0.0,-0.1875000000000004,0.0,-8.516832753652813e-07
0.0,0.8750000000000017,0.0,0.0,2.7500000000000013,4.996003610813204e-16,0.0,0.0,0.0,0.0,-0.1875,-0.562499999999999,0.0,0.0,0.0,0.0,0.8124999999999993,-8.5168327528527e-07
0.0,0.8749999999999981,0.0,0.0,2.750000000000001,9.71445146547012e-16,0.0,0.0,0.0,0.0,-0.18750000000000122,0.0,0.7500000000000004,0.0,-0.6249999999999994,0.0,0.0,-8.516832753751196e-07
0.0,0.8750000000000007,0.0,0.0,2.75,-9.159339953157541e-16,0.0,0.0,0.0,0.0,-0.18749999999999933,0.0,0.7499999999999998,0.0,0.0,-0.18749999999999972,0.0,-8.516832752282413e-07
0.0,0.8749999999999992,0.0,0.0,2.750000000000001,-2.1371793224034263e-15,0.0,0.0,0.0,0.0,-0.18750000000000078,0.0,0.7499999999999998,0.0,0.0,0.0,0.8124999999999998,-8.516832754152013e-07
0.0,0.8749999999999996,0.0,0.0,2.750000000000001,-1.0547118733938987e-15,0.0,0.0,0.0,0.0,-0.18750000000000067,0.0,0.0,-0.18750000000000056,-0.625,0.0,0.0,-8.516832754010265e-07
0.0,0.8750000000000006,0.0,0.0,2.7500000000000004,-1.6653345369377348e-16,0.0,0.0,0.0,0.0,-0.18750000000000033,0.0,0.0,-0.18750000000000017,0.0,-0.18749999999999972,0.0,-8.516832753356666e-07
0.0,0.8750000000000012,0.0,0.0,2.750000000000001,5.273559366969494e-16,0.0,0.0,0.0,0.0,-0.18750000000000067,0.0,0.0,-0.18749999999999994,0.0,0.0,0.8125000000000002,-8.516832754220868e-07
0.0,0.8749999999999982,0.0,0.0,2.75,0.0,0.31250000000000067,0.0,-0.4999999999999997,0.0,0.0,-0.5624999999999994,0.0,0.0,-0.6249999999999993,0.0,0.0,-8.516832754111005e-07
0.0,0.8749999999999993,0.0,0.0,2.75,0.0,0.31249999999999956,0.0,-0.49999999999999956,0.0,0.0,-0.5625,0.0,0.0,0.0,-0.18750000000000105,0.0,-8.516832754413607e-07
0.0,0.874999999999999,0.0,0.0,2.75,0.0,0.3125000000000009,0.0,-0.49999999999999956,0.0,0.0,-0.5625000000000003,0.0,0.0,0.0,0.0,0.8125000000000016,-8.516832753741723e-07
0.0,0.8750000000000009,0.0,0.0,2.7500000000000013,0.0,0.31250000000000155,0.0,-0.4999999999999991,0.0,0.0,0.0,0.7499999999999987,0.0,-0.6249999999999987,0.0,0.0,-8.516832753950455e-07
0.0,0.8749999999999994,0.0,0.0,2.7500000000000013,0.0,0.3125000000000009,0.0,-0.49999999999999944,0.0,0.0,0.0,0.7499999999999982,0.0,0.0,-0.1874999999999997,0.0,-8.516832753460664e-07
0.0,0.8749999999999999,0.0,0.0,2.750000000000001,0.0,0.3125000000000009,0.0,-0.4999999999999998,0.0,0.0,0.0,0.7499999999999984,0.0,0.0,0.0,0.8125000000000003,-8.516832753671643e-07
0.0,0.8749999999999998,0.0,0.0,2.7500000000000004,0.0,0.3125000000000009,0.0,-0.49999999999999933,0.0,0.0,0.0,0.0,-0.18749999999999895,-0.6249999999999998,0.0,0.0,-8.516832753822234e-07
0.0,0.8749999999999979,0.0,0.0,2.75,0.0,0.3125000000000002,0.0,-0.49999999999999994,0.0,0.0,0.0,0.0,-0.1875000000000001,0.0,-0.18750000000000053,0.0,-8.516832753166925e-07
0.0,0.8749999999999998,0.0,0.0,2.7499999999999987,0.0,0.31250000000000133,0.0,-0.5,0.0,0.0,0.0,0.0,-0.1875000000000004,0.0,0.0,0.8124999999999999,-8.516832754325815e-07
0.0,0.8749999999999993,0.0,0.0,2.75,0.0,0.3125000000000018,0.0,0.0,0.6875,0.0,-0.5624999999999998,0.0,0.0,-0.6249999999999987,0.0,0.0,-8.516832753862977e-07
0.0,0.8749999999999991,0.0,0.0,2.7500000000000004,0.0,0.31250000000000067,0.0,0.0,0.6875000000000013,0.0,-0.5625000000000004,0.0,0.0,0.0,-0.18749999999999944,0.0,-8.51683275302513e-07
0.0,0.8749999999999988,0.0,0.0,2.750000000000001,0.0,0.31250000000000133,0.0,0.0,0.6875000000000004,0.0,-0.5624999999999998,0.0,0.0,0.0,0.0,0.8125000000000016,-8.516832753187775e-07
0.0,0.8749999999999996,0.0,0.0,2.7499999999999987,0.0,0.31250000000000044,0.0,0.0,0.6875000000000002,0.0,0.0,0.7499999999999988,0.0,-0.6250000000000009,0.0,0.0,-8.516832754754977e-07
0.0,0.8750000000000004,0.0,0.0,2.750000000000001,0.0,0.31250000000000044,0.0,0.0,0.6875000000000009,0.0,0.0,0.7499999999999993,0.0,0.0,-0.18750000000000036,0.0,-8.516832753628103e-07
0.0,0.8749999999999991,0.0,0.0,2.7500000000000013,0.0,0.31250000000000044,0.0,0.0,0.6874999999999996,0.0,0.0,0.7499999999999984,0.0,0.0,0.0,0.8125000000000006,-8.516832753552336e-07
0.0,0.8749999999999996,0.0,0.0,2.7499999999999996,0.0,0.31250000000000155,0.0,0.0,0.6875000000000009,0.0,0.0,0.0,-0.18749999999999806,-0.6249999999999982,0.0,0.0,-8.516832753732269e-07
0.0,0.8749999999999988,0.0,0.0,2.750000000000001,0.0,0.31250000000000067,0.0,0.0,0.6875000000000004,0.0,0.0,0.0,-0.1874999999999991,0.0,-0.18750000000000103,0.0,-8.516832753522351e-07
0.0,0.8750000000000002,0.0,0.0,2.7500000000000013,0.0,0.31250000000000044,0.0,0.0,0.6875000000000007,0.0,0.0,0.0,-0.1874999999999993,0.0,0.0,0.8125000000000016,-8.516832753230156e-07
0.0,0.8749999999999991,0.0,0.0,2.7499999999999987,0.0,0.31250000000000266,0.0,0.0,0.0,-0.18750000000000067,-0.5625000000000002,0.0,0.0,-0.6250000000000002,0.0,0.0,-8.516832754320398e-07
0.0,0.8749999999999987,0.0,0.0,2.7500000000000013,0.0,0.3125000000000009,0.0,0.0,0.0,-0.18749999999999956,-0.5624999999999998,0.0,0.0,0.0,-0.1875000000000004,0.0,-8.516832753793819e-07
0.0,0.8749999999999991,0.0,0.0,2.7499999999999996,0.0,0.3125000000000011,0.0,0.0,0.0,-0.18750000000000022,-0.5625000000000003,0.0,0.0,0.0,0.0,0.8124999999999988,-8.516832753246034e-07
0.0,0.8749999999999987,0.0,0.0,2.75,0.0,0.31249999999999956,0.0,0.0,0.0,-0.18750000000000067,0.0,0.7499999999999983,0.0,-0.6249999999999992,0.0,0.0,-8.516832754601818e-07
0.0,0.8749999999999997,0.0,0.0,2.7499999999999987,0.0,0.31250000000000266,0.0,0.0,0.0,-0.18750000000000067,0.0,0.7499999999999981,0.0,0.0,-0.18750000000000103,0.0,-8.516832753694393e-07
0.0,0.8749999999999986,0.0,0.0,2.749999999999999,0.0,0.31250000000000044,0.0,0.0,0.0,-0.1875000000000009,0.0,0.749999999999999,0.0,0.0,0.0,0.8124999999999994,-8.516832752875155e-07
0.0,0.8749999999999989,0.0,0.0,2.75,0.0,0.3125000000000022,0.0,0.0,0.0,-0.18750000000000044,0.0,0.0,-0.18749999999999933,-0.6249999999999999,0.0,0.0,-8.516832754483152e-07
0.0,0.8749999999999996,0.0,0.0,2.75,0.0,0.31249999999999956,0.0,0.0,0.0,-0.18750000000000044,0.0,0.0,-0.18750000000000044,0.0,-0.18750000000000072,0.0,-8.516832753221777e-07
0.0,0.8750000000000002,0.0,0.0,2.7500000000000004,0.0,0.3125000000000018,0.0,0.0,0.0,-0.18749999999999967,0.0,0.0,-0.18749999999999928,0.0,0.0,0.8125000000000007,-8.516832753681188e-07
0.0,0.8750000000000004,0.0,0.0,2.7499999999999996,0.0,0.0,-0.3125,-0.4999999999999995,0.0,0.0,-0.5624999999999994,0.0,0.0,-0.6250000000000007,0.0,0.0,-8.516832753735839e-07
0.0,0.8749999999999993,0.0,0.0,2.7500000000000013,0.0,0.0,-0.31249999999999956,-0.5000000000000002,0.0,0.0,-0.5625000000000002,0.0,0.0,0.0,-0.1875,0.0,-8.516832754635102e-07
0.0,0.8750000000000003,0.0,0.0,2.750000000000001,0.0,0.0,-0.3125000000000011,-0.4999999999999992,0.0,0.0,-0.5624999999999999,0.0,0.0,0.0,0.0,0.8125000000000012,-8.516832755490565e-07
0.0,0.8749999999999981,0.0,0.0,2.7500000000000004,0.0,0.0,-0.31250000000000067,-0.5000000000000006,0.0,0.0,0.0,0.7499999999999997,0.0,-0.6249999999999984,0.0,0.0,-8.516832753212363e-07
0.0,0.8749999999999993,0.0,0.0,2.749999999999999,0.0,0.0,-0.3125000000000009,-0.5000000000000009,0.0,0.0,0.0,0.7499999999999994,0.0,0.0,-0.187500000000001,0.0,-8.516832753200426e-07
0.0,0.875,0.0,0.0,2.750000000000001,0.0,0.0,-0.3125,-0.49999999999999933,0.0,0.0,0.0,0.749999999999999,0.0,0.0,0.0,0.8125000000000006,-8.516832753689657e-07
0.0,0.8749999999999999,0.0,0.0,2.750000000000001,0.0,0.0,-0.3125000000000002,-0.49999999999999983,0.0,0.0,0.0,0.0,-0.18749999999999878,-0.6249999999999988,0.0,0.0,-8.516832753869577e-07
0.0,0.8749999999999983,0.0,0.0,2.750000000000001,0.0,0.0,-0.3125000000000009,-0.5000000000000007,0.0,0.0,0.0,0.0,-0.18749999999999964,0.0,-0.18750000000000094,0.0,-8.516832754255338e-07
0.0,0.8749999999999997,0.0,0.0,2.750000000000001,0.0,0.0,-0.3124999999999998,-0.49999999999999967,0.0,0.0,0.0,0.0,-0.1874999999999998,0.0,0.0,0.8125000000000007,-8.516832754196806e-07
0.0,0.875,0.0,0.0,2.75,0.0,0.0,-0.31250000000000133,0.0,0.6875000000000002,0.0,-0.5625,0.0,0.0,-0.625,0.0,0.0,-8.516832753808026e-07
0.0,0.875,0.0,0.0,2.750000000000001,0.0,0.0,-0.31249999999999956,0.0,0.6875,0.0,-0.5624999999999993,0.0,0.0,0.0,-0.18749999999999983,0.0,-8.516832753387065e-07
0.0,0.875,0.0,0.0,2.7500000000000004,0.0,0.0,-0.3125000000000002,0.0,0.6875000000000002,0.0,-0.5624999999999996,0.0,0.0,0.0,0.0,0.8125000000000008,-8.516832752479679e-07
0.0,0.8749999999999999,0.0,0.0,2.7499999999999996,0.0,0.0,-0.3125000000000009,0.0,0.6874999999999996,0.0,0.0,0.749999999999998,0.0,-0.625,0.0,0.0,-8.516832753147312e-07
0.0,0.8750000000000004,0.0,0.0,2.7500000000000018,0.0,0.0,-0.3125000000000002,0.0,0.6875000000000013,0.0,0.0,0.7499999999999987,0.0,0.0,-0.18750000000000017,0.0,-8.516832755029827e-07
0.0,0.8750000000000014,0.0,0.0,2.7500000000000018,0.0,0.0,-0.31250000000000044,0.0,0.6875000000000013,0.0,0.0,0.7499999999999991,0.0,0.0,0.0,0.8125000000000008,-8.51683275398607e-07
0.0,0.8749999999999998,0.0,0.0,2.75,0.0,0.0,-0.31250000000000133,0.0,0.6875000000000007,0.0,0.0,0.0,-0.1875000000000002,-0.6249999999999994,0.0,0.0,-8.516832753779614e-07
0.0,0.8750000000000004,0.0,0.0,2.7499999999999996,0.0,0.0,-0.31250000000000044,0.0,0.6875,0.0,0.0,0.0,-0.1874999999999994,0.0,-0.18750000000000044,0.0,-8.516832755102692e-07
0.0,0.8750000000000013,0.0,0.0,2.750000000000001,0.0,0.0,-0.3125000000000002,0.0,0.6874999999999987,0.0,0.0,0.0,-0.18749999999999975,0.0,0.0,0.812500000000001,-8.516832753574412e-07
0.0,0.8749999999999997,0.0,0.0,2.7500000000000004,0.0,0.0,-0.31250000000000133,0.0,0.0,-0.187500000000001,-0.5625000000000002,0.0,0.0,-0.6249999999999998,0.0,0.0,-8.516832754090126e-07
0.0,0.8749999999999998,0.0,0.0,2.750000000000001,0.0,0.0,-0.31250000000000133,0.0,0.0,-0.1875000000000001,-0.5625000000000002,0.0,0.0,0.0,-0.18749999999999944,0.0,-8.516832753435038e-07
0.0,0.875,0.0,0.0,2.75,0.0,0.0,-0.31249999999999956,0.0,0.0,-0.18750000000000044,-0.5625,0.0,0.0,0.0,0.0,0.8125000000000011,-8.516832754372235e-07
0.0,0.874999999999999,0.0,0.0,2.7500000000000004,0.0,0.0,-0.31249999999999956,0.0,0.0,-0.18750000000000078,0.0,0.7499999999999989,0.0,-0.624999999999999,0.0,0.0,-8.516832753774875e-07
0.0,0.8749999999999987,0.0,0.0,2.7499999999999987,0.0,0.0,-0.31249999999999933,0.0,0.0,-0.1875000000000011,0.0,0.7499999999999981,0.0,0.0,-0.18750000000000078,0.0,-8.516832753691656e-07
0.0,0.8750000000000014,0.0,0.0,2.750000000000001,0.0,0.0,-0.3125,0.0,0.0,-0.18749999999999956,0.0,0.7499999999999987,0.0,0.0,0.0,0.8125000000000007,-8.516832752580022e-07
0.0,0.8750000000000001,0.0,0.0,2.7500000000000013,0.0,0.0,-0.31250000000000044,0.0,0.0,-0.18750000000000033,0.0,0.0,-0.1874999999999999,-0.6249999999999989,0.0,0.0,-8.516832753845903e-07
0.0,0.8749999999999987,0.0,0.0,2.7500000000000018,0.0,0.0,-0.31250000000000067,0.0,0.0,-0.18750000000000033,0.0,0.0,-0.18749999999999958,0.0,-0.18749999999999978,0.0,-8.516832753088051e-07
0.0,0.8750000000000002,0.0,0.0,2.749999999999999,0.0,0.0,-0.3124999999999989,0.0,0.0,-0.18750000000000056,0.0,0.0,-0.1875000000000006,0.0,0.0,0.8125000000000002,-8.516832753736993e-07
0.0,0.0,0.6250000000000036,-2.749999999999999,0.0,8.326672684688674e-17,0.0,0.0,-0.49999999999999983,0.0,0.0,-0.5625000000000007,0.0,0.0,-0.6249999999999991,0.0,0.0,-8.516832751745386e-07
0.0,0.0,0.6250000000000008,-2.749999999999999,0.0,-1.1102230246251565e-16,0.0,0.0,-0.49999999999999956,0.0,0.0,-0.5625000000000008,0.0,0.0,0.0,-0.18749999999999972,0.0,-8.516832752571118e-07
0.0,0.0,0.6250000000000036,-2.750000000000001,0.0,6.938893903907228e-16,0.0,0.0,-0.4999999999999995,0.0,0.0,-0.5625000000000002,0.0,0.0,0.0,0.0,0.8125000000000012,-8.516832753016988e-07
0.0,0.0,0.6250000000000024,-2.75,0.0,6.38378239159465e-16,0.0,0.0,-0.4999999999999996,0.0,0.0,0.0,0.7499999999999993,0.0,-0.6249999999999998,0.0,0.0,-8.516832753862773e-07
0.0,0.0,0.6250000000000037,-2.7500000000000004,0.0,-2.220446049250313e-16,0.0,0.0,-0.499999999999999,0.0,0.0,0.0,0.75,0.0,0.0,-0.1874999999999991,0.0,-8.516832753860594e-07
0.0,0.0,0.6250000000000016,-2.749999999999999,0.0,8.326672684688674e-16,0.0,0.0,-0.49999999999999994,0.0,0.0,0.0,0.749999999999999,0.0,0.0,0.0,0.8125000000000004,-8.516832754243208e-07
0.0,0.0,0.6250000000000029,-2.75,0.0,6.106226635438361e-16,0.0,0.0,-0.49999999999999917,0.0,0.0,0.0,0.0,-0.1874999999999997,-0.6249999999999996,0.0,0.0,-8.516832752481693e-07
0.0,0.0,0.6250000000000027,-2.750000000000001,0.0,5.551115123125783e-17,0.0,0.0,-0.4999999999999995,0.0,0.0,0.0,0.0,-0.18749999999999944,0.0,-0.18749999999999994,0.0,-8.51683275383687e-07
0.0,0.0,0.6250000000000031,-2.7500000000000004,0.0,1.3877787807814457e-16,0.0,0.0,-0.4999999999999997,0.0,0.0,0.0,0.0,-0.1874999999999994,0.0,0.0,0.8125000000000007,-8.516832753842584e-07
0.0,0.0,0.625000000000001,-2.7499999999999996,0.0,7.216449660063518e-16,0.0,0.0,0.0,0.6875000000000004,0.0,-0.5624999999999992,0.0,0.0,-0.6249999999999991,0.0,0.0,-8.516832753624162e-07
0.0,0.0,0.6250000000000031,-2.75,0.0,7.771561172376096e-16,0.0,0.0,0.0,0.6875000000000007,0.0,-0.5624999999999991,0.0,0.0,0.0,-0.18750000000000008,0.0,-8.516832753997545e-07
0.0,0.0,0.6250000000000029,-2.7500000000000004,0.0,1.942890293094024e-16,0.0,0.0,0.0,0.6875000000000009,0.0,-0.5624999999999993,0.0,0.0,0.0,0.0,0.8125000000000007,-8.516832754460961e-07
0.0,0.0,0.6250000000000022,-2.750000000000001,0.0,1.6653345369377348e-16,0.0,0.0,0.0,0.6874999999999991,0.0,0.0,0.7500000000000002,0.0,-0.624999999999999,0.0,0.0,-8.516832751578643e-07
0.0,0.0,0.6250000000000027,-2.7499999999999996,0.0,7.771561172376096e-16,0.0,0.0,0.0,0.6875000000000007,0.0,0.0,0.7499999999999987,0.0,0.0,-0.18749999999999964,0.0,-8.516832754329941e-07
0.0,0.0,0.6250000000000022,-2.750000000000001,0.0,1.1379786002407855e-15,0.0,0.0,0.0,0.6875,0.0,0.0,0.75,0.0,0.0,0.0,0.8125000000000013,-8.516832753998796e-07
0.0,0.0,0.6250000000000024,-2.7499999999999996,0.0,3.3306690738754696e-16,0.0,0.0,0.0,0.6875000000000004,0.0,0.0,0.0,-0.18750000000000014,-0.6249999999999988,0.0,0.0,-8.516832753463644e-07
0.0,0.0,0.6250000000000004,-2.75,0.0,1.3322676295501878e-15,0.0,0.0,0.0,0.6875000000000002,0.0,0.0,0.0,-0.1874999999999996,0.0,-0.18749999999999914,0.0,-8.516832752929582e-07
0.0,0.0,0.6250000000000008,-2.749999999999999,0.0,1.7208456881689926e-15,0.0,0.0,0.0,0.6875,0.0,0.0,0.0,-0.18749999999999942,0.0,0.0,0.8125000000000009,-8.516832753910025e-07
0.0,0.0,0.6250000000000031,-2.7500000000000013,0.0,-2.7755575615628914e-17,0.0,0.0,0.0,0.0,-0.18750000000000044,-0.5624999999999998,0.0,0.0,-0.6249999999999979,0.0,0.0,-8.516832753676301e-07
0.0,0.0,0.6250000000000038,-2.7500000000000004,0.0,3.608224830031759e-16,0.0,0.0,0.0,0.0,-0.18750000000000022,-0.5625000000000002,0.0,0.0,0.0,-0.1874999999999999,0.0,-8.516832753833629e-07
0.0,0.0,0.6250000000000004,-2.749999999999999,0.0,-4.440892098500626e-16,0.0,0.0,0.0,0.0,-0.18750000000000022,-0.5624999999999988,0.0,0.0,0.0,0.0,0.8125000000000009,-8.516832753950158e-07
0.0,0.0,0.625000000000002,-2.7499999999999996,0.0,3.885780586188048e-16,0.0,0.0,0.0,0.0,-0.18749999999999978,0.0,0.7500000000000004,0.0,-0.6249999999999993,0.0,0.0,-8.51683275387899e-07
0.0,0.0,0.6250000000000017,-2.7500000000000004,0.0,9.43689570931383e-16,0.0,0.0,0.0,0.0,-0.18749999999999944,0.0,0.7500000000000009,0.0,0.0,-0.18749999999999956,0.0,-8.516832753901642e-07
0.0,0.0,0.6250000000000012,-2.749999999999999,0.0,1.4710455076283324e-15,0.0,0.0,0.0,0.0,-0.18750000000000167,0.0,0.7500000000000003,0.0,0.0,0.0,0.8125000000000006,-8.516832753770078e-07
0.0,0.0,0.6250000000000007,-2.749999999999999,0.0,6.38378239159465e-16,0.0,0.0,0.0,0.0,-0.18750000000000044,0.0,0.0,-0.18749999999999822,-0.6249999999999987,0.0,0.0,-8.516832753809205e-07
0.0,0.0,0.6250000000000036,-2.7499999999999996,0.0,-5.828670879282072e-16,0.0,0.0,0.0,0.0,-0.18749999999999933,0.0,0.0,-0.18749999999999845,0.0,-0.1874999999999996,0.0,-8.516832753863824e-07
0.0,0.0,0.6250000000000033,-2.75,0.0,-1.6653345369377348e-16,0.0,0.0,0.0,0.0,-0.18750000000000067,0.0,0.0,-0.18749999999999928,0.0,0.0,0.8125000000000012,-8.516832753904877e-07
0.0,0.0,0.6250000000000007,-2.749999999999999,0.0,0.0,0.31250000000000044,0.0,-0.49999999999999944,0.0,0.0,-0.5625000000000001,0.0,0.0,-0.6249999999999988,0.0,0.0,-8.516832753810979e-07
0.0,0.0,0.6250000000000022,-2.7500000000000004,0.0,0.0,0.31250000000000133,0.0,-0.5000000000000002,0.0,0.0,-0.5625000000000002,0.0,0.0,0.0,-0.18750000000000022,0.0,-8.516832752271022e-07
0.0,0.0,0.6250000000000031,-2.7500000000000004,0.0,0.0,0.3125000000000002,0.0,-0.5000000000000007,0.0,0.0,-0.5624999999999993,0.0,0.0,0.0,0.0,0.8125000000000004,-8.51683275370653e-07
0.0,0.0,0.6250000000000021,-2.750000000000001,0.0,0.0,0.31249999999999956,0.0,-0.5,0.0,0.0,0.0,0.7500000000000013,0.0,-0.6249999999999998,0.0,0.0,-8.516832753881423e-07
0.0,0.0,0.6250000000000013,-2.75,0.0,0.0,0.31249999999999867,0.0,-0.4999999999999991,0.0,0.0,0.0,0.7500000000000016,0.0,0.0,-0.1874999999999999,0.0,-8.516832753559402e-07
0.0,0.0,0.625000000000002,-2.750000000000001,0.0,0.0,0.31250000000000067,0.0,-0.5000000000000004,0.0,0.0,0.0,0.750000000000001,0.0,0.0,0.0,0.8125000000000002,-8.516832752855427e-07
0.0,0.0,0.6250000000000037,-2.75,0.0,0.0,0.3125,0.0,-0.5000000000000001,0.0,0.0,0.0,0.0,-0.18749999999999836,-0.6250000000000001,0.0,0.0,-8.516832753720212e-07
0.0,0.0,0.6250000000000024,-2.75,0.0,0.0,0.3125,0.0,-0.5000000000000002,0.0,0.0,0.0,0.0,-0.18749999999999956,0.0,-0.18749999999999983,0.0,-8.516832754179579e-07
0.0,0.0,0.625000000000002,-2.75,0.0,0.0,0.3124999999999998,0.0,-0.49999999999999967,0.0,0.0,0.0,0.0,-0.18749999999999906,0.0,0.0,0.8124999999999997,-8.516832754010307e-07
0.0,0.0,0.6250000000000027,-2.75,0.0,0.0,0.31250000000000044,0.0,0.0,0.6874999999999996,0.0,-0.5624999999999996,0.0,0.0,-0.6249999999999996,0.0,0.0,-8.516832753468874e-07
0.0,0.0,0.6250000000000029,-2.7499999999999987,0.0,0.0,0.3125,0.0,0.0,0.6874999999999998,0.0,-0.5625000000000006,0.0,0.0,0.0,-0.1874999999999989,0.0,-8.5168327539799e-07
0.0,0.0,0.6250000000000027,-2.749999999999999,0.0,0.0,0.31250000000000067,0.0,0.0,0.6875,0.0,-0.5625000000000008,0.0,0.0,0.0,0.0,0.8124999999999991,-8.516832753921308e-07
0.0,0.0,0.6250000000000008,-2.7500000000000018,0.0,0.0,0.3125000000000011,0.0,0.0,0.6875000000000009,0.0,0.0,0.7499999999999996,0.0,-0.6249999999999987,0.0,0.0,-8.516832753940523e-07
0.0,0.0,0.6250000000000018,-2.75,0.0,0.0,0.3125000000000009,0.0,0.0,0.6875000000000007,0.0,0.0,0.7499999999999998,0.0,0.0,-0.18750000000000128,0.0,-8.516832752123519e-07
0.0,0.0,0.625000000000002,-2.75,0.0,0.0,0.3125,0.0,0.0,0.6875,0.0,0.0,0.749999999999999,0.0,0.0,0.0,0.8125000000000002,-8.516832752356379e-07
0.0,0.0,0.6250000000000031,-2.7500000000000004,0.0,0.0,0.31249999999999867,0.0,0.0,0.6875,0.0,0.0,0.0,-0.18749999999999933,-0.6249999999999996,0.0,0.0,-8.516832753610204e-07
0.0,0.0,0.6250000000000018,-2.7499999999999996,0.0,0.0,0.3124999999999998,0.0,0.0,0.6875000000000009,0.0,0.0,0.0,-0.1874999999999995,0.0,-0.18750000000000056,0.0,-8.516832753914595e-07
0.0,0.0,0.6250000000000012,-2.7500000000000004,0.0,0.0,0.3125,0.0,0.0,0.6875000000000009,0.0,0.0,0.0,-0.1874999999999992,0.0,0.0,0.8124999999999999,-8.516832751864828e-07
0.0,0.0,0.6250000000000019,-2.75,0.0,0.0,0.3125,0.0,0.0,0.0,-0.18750000000000022,-0.5625000000000001,0.0,0.0,-0.6249999999999998,0.0,0.0,-8.516832753767637e-07
0.0,0.0,0.6250000000000026,-2.749999999999999,0.0,0.0,0.3125000000000002,0.0,0.0,0.0,-0.18749999999999956,-0.5624999999999996,0.0,0.0,0.0,-0.18750000000000036,0.0,-8.516832753897981e-07
0.0,0.0,0.6250000000000002,-2.750000000000001,0.0,0.0,0.31250000000000044,0.0,0.0,0.0,-0.18749999999999922,-0.5625000000000002,0.0,0.0,0.0,0.0,0.8125000000000012,-8.516832753901658e-07
0.0,0.0,0.6250000000000033,-2.750000000000002,0.0,0.0,0.31250000000000067,0.0,0.0,0.0,-0.18749999999999956,0.0,0.7499999999999996,0.0,-0.6249999999999994,0.0,0.0,-8.516832752560727e-07
0.0,0.0,0.6250000000000011,-2.7499999999999996,0.0,0.0,0.31250000000000067,0.0,0.0,0.0,-0.1874999999999991,0.0,0.7499999999999993,0.0,0.0,-0.18750000000000003,0.0,-8.516832754396439e-07
0.0,0.0,0.6250000000000011,-2.7500000000000004,0.0,0.0,0.3125000000000009,0.0,0.0,0.0,-0.18750000000000067,0.0,0.75,0.0,0.0,0.0,0.8125000000000018,-8.516832753969671e-07
0.0,0.0,0.6250000000000033,-2.750000000000001,0.0,0.0,0.3125000000000009,0.0,0.0,0.0,-0.18750000000000022,0.0,0.0,-0.18749999999999914,-0.6249999999999994,0.0,0.0,-8.516832752163805e-07
0.0,0.0,0.6250000000000009,-2.7499999999999996,0.0,0.0,0.31250000000000067,0.0,0.0,0.0,-0.1875,0.0,0.0,-0.18749999999999914,0.0,-0.18750000000000108,0.0,-8.516832753869273e-07
0.0,0.0,0.6250000000000039,-2.750000000000001,0.0,0.0,0.31250000000000133,0.0,0.0,0.0,-0.18750000000000056,0.0,0.0,-0.18749999999999944,0.0,0.0,0.8124999999999998,-8.516832751942823e-07
0.0,0.0,0.6250000000000004,-2.75,0.0,0.0,0.0,-0.31249999999999933,-0.4999999999999999,0.0,0.0,-0.5624999999999996,0.0,0.0,-0.6250000000000003,0.0,0.0,-8.516832752095873e-07
0.0,0.0,0.6250000000000029,-2.75,0.0,0.0,0.0,-0.31249999999999867,-0.49999999999999944,0.0,0.0,-0.5624999999999998,0.0,0.0,0.0,-0.1875,0.0,-8.516832752713595e-07
0.0,0.0,0.6250000000000017,-2.7500000000000004,0.0,0.0,0.0,-0.3125,-0.5000000000000006,0.0,0.0,-0.5624999999999999,0.0,0.0,0.0,0.0,0.8125000000000004,-8.516832753527922e-07
0.0,0.0,0.6250000000000018,-2.7500000000000018,0.0,0.0,0.0,-0.31250000000000067,-0.5000000000000003,0.0,0.0,0.0,0.7500000000000017,0.0,-0.6249999999999983,0.0,0.0,-8.516832753846582e-07
0.0,0.0,0.6250000000000029,-2.749999999999999,0.0,0.0,0.0,-0.31249999999999956,-0.4999999999999993,0.0,0.0,0.0,0.7499999999999997,0.0,0.0,-0.18750000000000105,0.0,-8.516832753750576e-07
0.0,0.0,0.6250000000000011,-2.7499999999999996,0.0,0.0,0.0,-0.31249999999999933,-0.499999999999999,0.0,0.0,0.0,0.7500000000000007,0.0,0.0,0.0,0.8125000000000007,-8.516832754068502e-07
0.0,0.0,0.6250000000000009,-2.7499999999999996,0.0,0.0,0.0,-0.31249999999999956,-0.4999999999999991,0.0,0.0,0.0,0.0,-0.1874999999999989,-0.6249999999999994,0.0,0.0,-8.516832751692975e-07
0.0,0.0,0.6250000000000004,-2.749999999999999,0.0,0.0,0.0,-0.3124999999999991,-0.49999999999999994,0.0,0.0,0.0,0.0,-0.18749999999999853,0.0,-0.1875000000000009,0.0,-8.516832753596258e-07
0.0,0.0,0.6250000000000014,-2.749999999999999,0.0,0.0,0.0,-0.31249999999999956,-0.49999999999999906,0.0,0.0,0.0,0.0,-0.18749999999999883,0.0,0.0,0.8125000000000007,-8.516832753208036e-07
0.0,0.0,0.6250000000000027,-2.7500000000000004,0.0,0.0,0.0,-0.3124999999999991,0.0,0.6875000000000011,0.0,-0.5625000000000007,0.0,0.0,-0.6249999999999987,0.0,0.0,-8.516832753882939e-07
0.0,0.0,0.6250000000000026,-2.75,0.0,0.0,0.0,-0.3124999999999998,0.0,0.6875000000000009,0.0,-0.5625,0.0,0.0,0.0,-0.18750000000000017,0.0,-8.516832754357989e-07
0.0,0.0,0.6250000000000013,-2.7500000000000004,0.0,0.0,0.0,-0.3124999999999998,0.0,0.6875000000000009,0.0,-0.5625,0.0,0.0,0.0,0.0,0.8125000000000002,-8.516832751490482e-07
0.0,0.0,0.625000000000003,-2.75,0.0,0.0,0.0,-0.3125,0.0,0.6875000000000013,0.0,0.0,0.7500000000000003,0.0,-0.6249999999999989,0.0,0.0,-8.51683275334889e-07
0.0,0.0,0.6250000000000029,-2.749999999999999,0.0,0.0,0.0,-0.31250000000000044,0.0,0.6875000000000002,0.0,0.0,0.7500000000000002,0.0,0.0,-0.18750000000000072,0.0,-8.516832753073563e-07
0.0,0.0,0.6250000000000011,-2.75,0.0,0.0,0.0,-0.3124999999999991,0.0,0.6875000000000013,0.0,0.0,0.7500000000000007,0.0,0.0,0.0,0.8125000000000009,-8.51683275396053e-07
0.0,0.0,0.6250000000000022,-2.7499999999999996,0.0,0.0,0.0,-0.3124999999999991,0.0,0.6875,0.0,0.0,0.0,-0.1874999999999994,-0.6249999999999996,0.0,0.0,-8.516832753525133e-07
0.0,0.0,0.6250000000000009,-2.75,0.0,0.0,0.0,-0.3124999999999991,0.0,0.6875,0.0,0.0,0.0,-0.1874999999999996,0.0,-0.18749999999999953,0.0,-8.516832752959124e-07
0.0,0.0,0.6250000000000013,-2.75,0.0,0.0,0.0,-0.3124999999999978,0.0,0.6874999999999998,0.0,0.0,0.0,-0.1874999999999998,0.0,0.0,0.8124999999999999,-8.516832752618584e-07
0.0,0.0,0.6250000000000026,-2.750000000000001,0.0,0.0,0.0,-0.3124999999999991,0.0,0.0,-0.18749999999999978,-0.5624999999999994,0.0,0.0,-0.624999999999999,0.0,0.0,-8.516832753794759e-07
0.0,0.0,0.6250000000000024,-2.749999999999999,0.0,0.0,0.0,-0.3124999999999991,0.0,0.0,-0.18749999999999967,-0.5624999999999993,0.0,0.0,0.0,-0.18749999999999978,0.0,-8.516832753817434e-07
0.0,0.0,0.6250000000000006,-2.749999999999999,0.0,0.0,0.0,-0.31250000000000044,0.0,0.0,-0.18749999999999922,-0.5624999999999997,0.0,0.0,0.0,0.0,0.812500000000001,-8.516832754387546e-07
0.0,0.0,0.6250000000000027,-2.7499999999999996,0.0,0.0,0.0,-0.31249999999999933,0.0,0.0,-0.18750000000000056,0.0,0.7499999999999998,0.0,-0.6249999999999989,0.0,0.0,-8.516832753862773e-07
0.0,0.0,0.6250000000000024,-2.750000000000001,0.0,0.0,0.0,-0.31250000000000044,0.0,0.0,-0.18749999999999933,0.0,0.7500000000000001,0.0,0.0,-0.18750000000000083,0.0,-8.516832754127768e-07
0.0,0.0,0.6250000000000009,-2.75,0.0,0.0,0.0,-0.31249999999999933,0.0,0.0,-0.18749999999999922,0.0,0.7500000000000004,0.0,0.0,0.0,0.8125000000000009,-8.516832754872395e-07
0.0,0.0,0.6250000000000027,-2.75,0.0,0.0,0.0,-0.3124999999999991,0.0,0.0,-0.1874999999999999,0.0,0.0,-0.18749999999999895,-0.6249999999999989,0.0,0.0,-8.516832753323986e-07
0.0,0.0,0.6250000000000013,-2.749999999999999,0.0,0.0,0.0,-0.3124999999999998,0.0,0.0,-0.18749999999999956,0.0,0.0,-0.18749999999999875,0.0,-0.18749999999999967,0.0,-8.516832753836886e-07
0.0,0.0,0.625000000000003,-2.7500000000000013,0.0,0.0,0.0,-0.3124999999999998,0.0,0.0,-0.18750000000000022,0.0,0.0,-0.18749999999999953,0.0,0.0,0.8125000000000006,-8.516832751418999e-07
0.0,0.0,0.6250000000000009,0.0,2.7500000000000013,-2.498001805406602e-16,0.0,0.0,-0.5000000000000003,0.0,0.0,-0.5624999999999999,0.0,0.0,-0.624999999999999,0.0,0.0,-8.516832755959822e-07
0.0,0.0,0.6250000000000006,0.0,2.750000000000003,3.3306690738754696e-16,0.0,0.0,-0.4999999999999989,0.0,0.0,-0.562500000000001,0.0,0.0,0.0,-0.18749999999999964,0.0,-8.516832753775225e-07
0.0,0.0,0.625000000000001,0.0,2.7500000000000018,5.551115123125783e-17,0.0,0.0,-0.4999999999999998,0.0,0.0,-0.5624999999999998,0.0,0.0,0.0,0.0,0.8124999999999999,-8.516832752008747e-07
0.0,0.0,0.6250000000000011,0.0,2.7500000000000018,3.885780586188048e-16,0.0,0.0,-0.4999999999999996,0.0,0.0,0.0,0.7499999999999999,0.0,-0.6249999999999999,0.0,0.0,-8.516832753946873e-07
0.0,0.0,0.6249999999999996,0.0,2.7500000000000018,-5.551115123125783e-16,0.0,0.0,-0.49999999999999956,0.0,0.0,0.0,0.7499999999999997,0.0,0.0,-0.18749999999999978,0.0,-8.516832752197186e-07
0.0,0.0,0.6250000000000004,0.0,2.7500000000000013,-3.3306690738754696e-16,0.0,0.0,-0.4999999999999999,0.0,0.0,0.0,0.7500000000000003,0.0,0.0,0.0,0.8125,-8.51683275368492e-07
0.0,0.0,0.625,0.0,2.750000000000001,-5.551115123125783e-16,0.0,0.0,-0.5000000000000009,0.0,0.0,0.0,0.0,-0.18749999999999883,-0.6249999999999988,0.0,0.0,-8.516832755166048e-07
0.0,0.0,0.6250000000000011,0.0,2.750000000000002,2.220446049250313e-16,0.0,0.0,-0.5000000000000004,0.0,0.0,0.0,0.0,-0.18749999999999978,0.0,-0.18750000000000003,0.0,-8.516832753831698e-07
0.0,0.0,0.6250000000000006,0.0,2.7500000000000004,4.996003610813204e-16,0.0,0.0,-0.5000000000000001,0.0,0.0,0.0,0.0,-0.1874999999999997,0.0,0.0,0.8125000000000009,-8.516832753736085e-07
0.0,0.0,0.6249999999999986,0.0,2.7500000000000004,8.604228440844963e-16,0.0,0.0,0.0,0.6874999999999984,0.0,-0.5624999999999998,0.0,0.0,-0.6250000000000004,0.0,0.0,-8.516832754114538e-07
0.0,0.0,0.6249999999999998,0.0,2.7500000000000013,-4.440892098500626e-16,0.0,0.0,0.0,0.6874999999999996,0.0,-0.5624999999999991,0.0,0.0,0.0,-0.18750000000000072,0.0,-8.516832753770152e-07
0.0,0.0,0.6250000000000012,0.0,2.75,3.885780586188048e-16,0.0,0.0,0.0,0.6874999999999993,0.0,-0.5625000000000002,0.0,0.0,0.0,0.0,0.8125000000000011,-8.516832753694393e-07
0.0,0.0,0.6249999999999991,0.0,2.75,-6.661338147750939e-16,0.0,0.0,0.0,0.6874999999999991,0.0,0.0,0.7499999999999976,0.0,-0.624999999999999,0.0,0.0,-8.516832753162272e-07
0.0,0.0,0.6250000000000002,0.0,2.75,-5.551115123125783e-16,0.0,0.0,0.0,0.6875000000000002,0.0,0.0,0.7499999999999992,0.0,0.0,-0.1875000000000002,0.0,-8.516832753670713e-07
0.0,0.0,0.6249999999999979,0.0,2.75,-4.996003610813204e-16,0.0,0.0,0.0,0.6874999999999996,0.0,0.0,0.7499999999999988,0.0,0.0,0.0,0.8124999999999996,-8.51683275411078e-07
0.0,0.0,0.625,0.0,2.7500000000000004,8.881784197001252e-16,0.0,0.0,0.0,0.6874999999999998,0.0,0.0,0.0,-0.18749999999999895,-0.6249999999999993,0.0,0.0,-8.51683275397107e-07
0.0,0.0,0.6249999999999998,0.0,2.7500000000000004,0.0,0.0,0.0,0.0,0.6875,0.0,0.0,0.0,-0.18749999999999942,0.0,-0.18750000000000072,0.0,-8.516832753382197e-07
0.0,0.0,0.6250000000000006,0.0,2.7500000000000013,1.6653345369377348e-16,0.0,0.0,0.0,0.6874999999999989,0.0,0.0,0.0,-0.18750000000000003,0.0,0.0,0.8125000000000011,-8.516832753008975e-07
0.0,0.0,0.6250000000000008,0.0,2.7500000000000004,5.551115123125783e-16,0.0,0.0,0.0,0.0,-0.18750000000000044,-0.5624999999999993,0.0,0.0,-0.6249999999999993,0.0,0.0,-8.516832753738603e-07
0.0,0.0,0.6249999999999991,0.0,2.750000000000001,-3.608224830031759e-16,0.0,0.0,0.0,0.0,-0.18749999999999967,-0.5625000000000007,0.0,0.0,0.0,-0.18749999999999967,0.0,-8.516832754321484e-07
0.0,0.0,0.625000000000001,0.0,2.7500000000000013,3.885780586188048e-16,0.0,0.0,0.0,0.0,-0.18750000000000056,-0.5625000000000002,0.0,0.0,0.0,0.0,0.8125,-8.51683275359844e-07
0.0,0.0,0.6250000000000004,0.0,2.750000000000002,1.3322676295501878e-15,0.0,0.0,0.0,0.0,-0.18750000000000044,0.0,0.7500000000000011,0.0,-0.6249999999999994,0.0,0.0,-8.516832755315825e-07
0.0,0.0,0.6250000000000002,0.0,2.750000000000003,2.220446049250313e-16,0.0,0.0,0.0,0.0,-0.1875,0.0,0.7500000000000004,0.0,0.0,-0.18749999999999914,0.0,-8.516832754142341e-07
0.0,0.0,0.6250000000000011,0.0,2.7500000000000018,1.6375789613221059e-15,0.0,0.0,0.0,0.0,-0.18749999999999967,0.0,0.750000000000001,0.0,0.0,0.0,0.8125000000000018,-8.516832753661242e-07
0.0,0.0,0.6249999999999998,0.0,2.75,3.885780586188048e-16,0.0,0.0,0.0,0.0,-0.18750000000000022,0.0,0.0,-0.18749999999999828,-0.6249999999999979,0.0,0.0,-8.516832753826254e-07
0.0,0.0,0.6250000000000002,0.0,2.750000000000001,-2.7755575615628914e-17,0.0,0.0,0.0,0.0,-0.18750000000000022,0.0,0.0,-0.18749999999999922,0.0,-0.18749999999999997,0.0,-8.51683275421383e-07
0.0,0.0,0.6250000000000001,0.0,2.750000000000001,5.273559366969494e-16,0.0,0.0,0.0,0.0,-0.18749999999999878,0.0,0.0,-0.1874999999999997,0.0,0.0,0.8125000000000012,-8.516832754506624e-07
0.0,0.0,0.6250000000000002,0.0,2.7499999999999996,0.0,0.31249999999999956,0.0,-0.5000000000000001,0.0,0.0,-0.5625000000000007,0.0,0.0,-0.625,0.0,0.0,-8.516832753838618e-07
0.0,0.0,0.6249999999999991,0.0,2.7500000000000004,0.0,0.31250000000000044,0.0,-0.5000000000000007,0.0,0.0,-0.5625,0.0,0.0,0.0,-0.18749999999999978,0.0,-8.516832754148537e-07
0.0,0.0,0.6250000000000006,0.0,2.75,0.0,0.3125,0.0,-0.49999999999999845,0.0,0.0,-0.5625,0.0,0.0,0.0,0.0,0.8125000000000013,-8.516832753488588e-07
0.0,0.0,0.6250000000000003,0.0,2.750000000000002,0.0,0.3125,0.0,-0.49999999999999895,0.0,0.0,0.0,0.7500000000000018,0.0,-0.6249999999999993,0.0,0.0,-8.51683275266183e-07
0.0,0.0,0.6250000000000011,0.0,2.7500000000000018,0.0,0.31250000000000133,0.0,-0.5000000000000009,0.0,0.0,0.0,0.7500000000000002,0.0,0.0,-0.1874999999999995,0.0,-8.516832753737009e-07
0.0,0.0,0.6249999999999999,0.0,2.7500000000000013,0.0,0.31250000000000067,0.0,-0.5000000000000002,0.0,0.0,0.0,0.7500000000000009,0.0,0.0,0.0,0.8125000000000013,-8.516832754933202e-07
0.0,0.0,0.6250000000000002,0.0,2.7500000000000004,0.0,0.31250000000000067,0.0,-0.4999999999999989,0.0,0.0,0.0,0.0,-0.18749999999999922,-0.6249999999999994,0.0,0.0,-8.516832753765589e-07
0.0,0.0,0.6249999999999998,0.0,2.750000000000001,0.0,0.31250000000000044,0.0,-0.5000000000000006,0.0,0.0,0.0,0.0,-0.18749999999999872,0.0,-0.18750000000000067,0.0,-8.516832752676682e-07
0.0,0.0,0.6250000000000003,0.0,2.750000000000001,0.0,0.31250000000000044,0.0,-0.4999999999999996,0.0,0.0,0.0,0.0,-0.18749999999999833,0.0,0.0,0.8124999999999996,-8.516832753723862e-07
0.0,0.0,0.6250000000000008,0.0,2.7500000000000004,0.0,0.31249999999999933,0.0,0.0,0.6875000000000007,0.0,-0.5624999999999987,0.0,0.0,-0.6249999999999982,0.0,0.0,-8.516832753408719e-07
0.0,0.0,0.6250000000000001,0.0,2.7500000000000004,0.0,0.3125000000000002,0.0,0.0,0.6875,0.0,-0.5624999999999998,0.0,0.0,0.0,-0.18750000000000025,0.0,-8.516832754935848e-07
0.0,0.0,0.6249999999999993,0.0,2.7500000000000004,0.0,0.3124999999999991,0.0,0.0,0.6874999999999993,0.0,-0.5625000000000013,0.0,0.0,0.0,0.0,0.8125000000000004,-8.516832753670697e-07
0.0,0.0,0.6250000000000006,0.0,2.7500000000000018,0.0,0.3125,0.0,0.0,0.6874999999999996,0.0,0.0,0.7499999999999989,0.0,-0.6249999999999987,0.0,0.0,-8.516832755140898e-07
0.0,0.0,0.6250000000000009,0.0,2.750000000000002,0.0,0.3124999999999991,0.0,0.0,0.6875000000000004,0.0,0.0,0.7499999999999987,0.0,0.0,-0.18749999999999956,0.0,-8.516832754184807e-07
0.0,0.0,0.6250000000000011,0.0,2.750000000000001,0.0,0.3125000000000009,0.0,0.0,0.6874999999999991,0.0,0.0,0.7499999999999989,0.0,0.0,0.0,0.8125000000000001,-8.51683275378886e-07
0.0,0.0,0.6249999999999996,0.0,2.7500000000000004,0.0,0.31249999999999933,0.0,0.0,0.6874999999999993,0.0,0.0,0.0,-0.18749999999999944,-0.6249999999999997,0.0,0.0,-8.516832754898193e-07
0.0,0.0,0.6249999999999991,0.0,2.749999999999999,0.0,0.3125,0.0,0.0,0.6874999999999993,0.0,0.0,0.0,-0.18749999999999983,0.0,-0.1875000000000004,0.0,-8.516832754592062e-07
0.0,0.0,0.625,0.0,2.75,0.0,0.3124999999999991,0.0,0.0,0.6874999999999993,0.0,0.0,0.0,-0.1874999999999994,0.0,0.0,0.8125,-8.516832753642299e-07
0.0,0.0,0.6249999999999999,0.0,2.75,0.0,0.31249999999999933,0.0,0.0,0.0,-0.18749999999999978,-0.5624999999999984,0.0,0.0,-0.6249999999999992,0.0,0.0,-8.516832752214567e-07
0.0,0.0,0.6250000000000011,0.0,2.7499999999999996,0.0,0.3125,0.0,0.0,0.0,-0.1875000000000001,-0.5624999999999993,0.0,0.0,0.0,-0.18749999999999967,0.0,-8.516832754397695e-07
0.0,0.0,0.6250000000000011,0.0,2.75,0.0,0.31250000000000044,0.0,0.0,0.0,-0.1874999999999979,-0.5625000000000002,0.0,0.0,0.0,0.0,0.8125000000000007,-8.516832753737003e-07
0.0,0.0,0.6249999999999993,0.0,2.7500000000000013,0.0,0.3125,0.0,0.0,0.0,-0.18750000000000044,0.0,0.7499999999999987,0.0,-0.6249999999999987,0.0,0.0,-8.516832753807764e-07
0.0,0.0,0.625000000000001,0.0,2.7500000000000027,0.0,0.3125,0.0,0.0,0.0,-0.1875,0.0,0.7499999999999984,0.0,0.0,-0.18750000000000003,0.0,-8.516832755592569e-07
0.0,0.0,0.6250000000000007,0.0,2.7500000000000013,0.0,0.3124999999999998,0.0,0.0,0.0,-0.18750000000000044,0.0,0.7499999999999991,0.0,0.0,0.0,0.8124999999999999,-8.516832753825212e-07
0.0,0.0,0.6249999999999994,0.0,2.75,0.0,0.31249999999999956,0.0,0.0,0.0,-0.18750000000000078,0.0,0.0,-0.18749999999999953,-0.624999999999999,0.0,0.0,-8.516832751863631e-07
0.0,0.0,0.6249999999999994,0.0,2.75,0.0,0.31250000000000044,0.0,0.0,0.0,-0.18750000000000067,0.0,0.0,-0.1874999999999992,0.0,-0.1874999999999998,0.0,-8.516832753784353e-07
0.0,0.0,0.6249999999999973,0.0,2.7499999999999996,0.0,0.31249999999999845,0.0,0.0,0.0,-0.18749999999999933,0.0,0.0,-0.18750000000000006,0.0,0.0,0.8124999999999992,-8.516832753634983e-07
0.0,0.0,0.6250000000000012,0.0,2.7500000000000013,0.0,0.0,-0.3125,-0.49999999999999933,0.0,0.0,-0.5624999999999992,0.0,0.0,-0.6249999999999998,0.0,0.0,-8.516832753916944e-07
0.0,0.0,0.6250000000000009,0.0,2.75,0.0,0.0,-0.31249999999999956,-0.5000000000000003,0.0,0.0,-0.5624999999999994,0.0,0.0,0.0,-0.18750000000000022,0.0,-8.516832753120715e-07
0.0,0.0,0.6250000000000008,0.0,2.7499999999999996,0.0,0.0,-0.3124999999999998,-0.49999999999999933,0.0,0.0,-0.5624999999999978,0.0,0.0,0.0,0.0,0.8124999999999998,-8.516832753808025e-07
0.0,0.0,0.6249999999999987,0.0,2.7500000000000013,0.0,0.0,-0.3125,-0.49999999999999856,0.0,0.0,0.0,0.750000000000001,0.0,-0.6249999999999987,0.0,0.0,-8.51683275397549e-07
0.0,0.0,0.6250000000000011,0.0,2.7500000000000018,0.0,0.0,-0.3124999999999998,-0.49999999999999845,0.0,0.0,0.0,0.7499999999999996,0.0,0.0,-0.18750000000000033,0.0,-8.516832754837291e-07
0.0,0.0,0.625,0.0,2.7500000000000013,0.0,0.0,-0.3124999999999991,-0.49999999999999883,0.0,0.0,0.0,0.7500000000000004,0.0,0.0,0.0,0.812500000000001,-8.516832754385856e-07
0.0,0.0,0.6249999999999998,0.0,2.75,0.0,0.0,-0.31250000000000044,-0.4999999999999994,0.0,0.0,0.0,0.0,-0.18749999999999956,-0.6249999999999998,0.0,0.0,-8.516832753977913e-07
0.0,0.0,0.6249999999999999,0.0,2.750000000000001,0.0,0.0,-0.31249999999999956,-0.5000000000000002,0.0,0.0,0.0,0.0,-0.18749999999999917,0.0,-0.18749999999999994,0.0,-8.516832755089097e-07
0.0,0.0,0.625,0.0,2.75,0.0,0.0,-0.31249999999999756,-0.4999999999999999,0.0,0.0,0.0,0.0,-0.1874999999999992,0.0,0.0,0.8125000000000014,-8.516832753619363e-07
0.0,0.0,0.6249999999999992,0.0,2.75,0.0,0.0,-0.31249999999999933,0.0,0.6874999999999998,0.0,-0.5625000000000002,0.0,0.0,-0.6249999999999984,0.0,0.0,-8.516832751587269e-07
0.0,0.0,0.6249999999999993,0.0,2.750000000000001,0.0,0.0,-0.3124999999999998,0.0,0.6875,0.0,-0.5625000000000008,0.0,0.0,0.0,-0.1875000000000014,0.0,-8.516832753017513e-07
0.0,0.0,0.6249999999999993,0.0,2.750000000000002,0.0,0.0,-0.31250000000000044,0.0,0.6874999999999993,0.0,-0.5624999999999998,0.0,0.0,0.0,0.0,0.8125000000000006,-8.516832753718054e-07
0.0,0.0,0.6250000000000004,0.0,2.7500000000000018,0.0,0.0,-0.31250000000000067,0.0,0.6875000000000004,0.0,0.0,0.7499999999999994,0.0,-0.6249999999999979,0.0,0.0,-8.516832755796755e-07
0.0,0.0,0.6250000000000004,0.0,2.750000000000001,0.0,0.0,-0.3125,0.0,0.6875000000000009,0.0,0.0,0.7499999999999978,0.0,0.0,-0.18750000000000036,0.0,-8.516832753694379e-07
0.0,0.0,0.6249999999999984,0.0,2.75,0.0,0.0,-0.31250000000000044,0.0,0.6874999999999996,0.0,0.0,0.7499999999999984,0.0,0.0,0.0,0.8124999999999994,-8.516832753618613e-07
0.0,0.0,0.625000000000001,0.0,2.750000000000002,0.0,0.0,-0.31250000000000067,0.0,0.6875000000000004,0.0,0.0,0.0,-0.18749999999999878,-0.6249999999999991,0.0,0.0,-8.516832752740352e-07
0.0,0.0,0.625000000000001,0.0,2.7500000000000004,0.0,0.0,-0.31249999999999956,0.0,0.6875000000000002,0.0,0.0,0.0,-0.18749999999999867,0.0,-0.18750000000000044,0.0,-8.516832752625169e-07
0.0,0.0,0.624999999999999,0.0,2.7500000000000013,0.0,0.0,-0.3124999999999989,0.0,0.6875,0.0,0.0,0.0,-0.18749999999999778,0.0,0.0,0.8124999999999994,-8.516832753589992e-07
0.0,0.0,0.6250000000000006,0.0,2.750000000000001,0.0,0.0,-0.3124999999999982,0.0,0.0,-0.1875,-0.5625,0.0,0.0,-0.6249999999999987,0.0,0.0,-8.516832753954279e-07
0.0,0.0,0.6249999999999989,0.0,2.750000000000001,0.0,0.0,-0.31250000000000067,0.0,0.0,-0.1874999999999999,-0.5625000000000009,0.0,0.0,0.0,-0.18750000000000028,0.0,-8.516832753860099e-07
0.0,0.0,0.6249999999999998,0.0,2.7500000000000013,0.0,0.0,-0.3125000000000011,0.0,0.0,-0.18750000000000078,-0.5625000000000003,0.0,0.0,0.0,0.0,0.8124999999999997,-8.516832753481479e-07
0.0,0.0,0.6250000000000002,0.0,2.75,0.0,0.0,-0.31249999999999933,0.0,0.0,-0.18749999999999967,0.0,0.75,0.0,-0.6249999999999991,0.0,0.0,-8.516832753134469e-07
0.0,0.0,0.6250000000000018,0.0,2.7499999999999996,0.0,0.0,-0.31249999999999867,0.0,0.0,-0.18749999999999978,0.0,0.7499999999999997,0.0,0.0,-0.18750000000000053,0.0,-8.516832754894572e-07
0.0,0.0,0.6249999999999996,0.0,2.7500000000000018,0.0,0.0,-0.31249999999999956,0.0,0.0,-0.18750000000000044,0.0,0.7499999999999992,0.0,0.0,0.0,0.8124999999999996,-8.516832753235492e-07
0.0,0.0,0.6249999999999996,0.0,2.7500000000000004,0.0,0.0,-0.31249999999999933,0.0,0.0,-0.18749999999999956,0.0,0.0,-0.18749999999999895,-0.6250000000000001,0.0,0.0,-8.516832754164498e-07
0.0,0.0,0.6250000000000007,0.0,2.75,0.0,0.0,-0.31249999999999933,0.0,0.0,-0.18750000000000022,0.0,0.0,-0.18749999999999944,0.0,-0.18750000000000006,0.0,-8.516832755642138e-07
0.0,0.0,0.6250000000000007,0.0,2.75,0.0,0.0,-0.3124999999999991,0.0,0.0,-0.18749999999999956,0.0,0.0,-0.18749999999999853,0.0,0.0,0.812500000000001,-8.516832753755943e-07
